iteration,p_upstream_kinematic,p_outlet_kinematic,p_step_kinematic,static_pressure_delta_pa,total_pressure_drop_pa,p_step_abs_pa
1,-39157.6,-1851.36,-12931.1,-45700.144,-43988.04939,85484.4025
2,76622,-2146.21,257816,96491.05725,100594.6156,417149.6
3,200470,-1731.19,231668,247696.4578,253364.1268,385118.3
4,277371,-1050.13,91188.1,341065.8843,347515.5506,213030.4225
5,268550,-251.507,-29351.2,329281.8461,335857.9255,65369.78
6,188141,412.371,-109959,229967.5705,236184.5182,-33374.775
7,65298.5,787.657,-184632,79025.78268,84606.11264,-124849.2
8,-39835.1,836.455,-209826,-49822.65488,-44951.24635,-155711.85
9,-124390,642.512,-211622,-153164.8272,-148876.4369,-157911.95
10,-174824,339.315,-189571,-214575.0609,-210570.9787,-130899.475
11,-189434,9.19347,-151954,-232067.912,-228045.051,-84818.65
12,-160706,-257.201,-112632,-196549.7788,-192293.3761,-36649.2
13,-101080,-340.217,-75703.3,-123406.2342,-118819.6074,8588.4575
14,-40162.6,-295.62,-48682.5,-48837.0505,-43970.82523,41688.9375
15,20742.2,-174.779,-26790.2,25623.29928,30671.87006,68507.005
16,57619.7,-2.43254,-9405.38,70587.11236,75661.52387,89803.4095
17,66677.1,84.1795,-3189.6,81576.32761,86618.04924,97417.74
18,55325.5,163.938,-3259.62,67572.91345,72499.30805,97331.9655
19,33544.3,183.298,-7199.89,40867.22745,45647.66714,92505.13475
20,13251.7,144.866,-12268.7,16055.87165,20711.24268,86295.8425
21,-140.872,85.1717,-16289.9,-276.9035325,4292.553895,81369.8725
22,-4693.18,24.8983,-17544.5,-5779.645918,-1241.938708,79832.9875
23,-4188.13,-28.1619,-16126.9,-5095.960923,-534.3476916,81569.5475
24,-1068.49,-61.8816,-12240.2,-1233.09529,3383.983497,86330.755
25,2474.28,-69.902,-6941.25,3116.62295,7796.829198,92821.96875
26,5338.04,-61.5528,-1386.53,6614.50118,11350.80402,99626.50075
27,5613.88,-40.4011,2073.98,6926.494348,11699.4784,103865.6255
28,5294.14,-12.02,4639.95,6500.046,11281.85453,107008.9388
29,3361.18,24.5841,5318.88,4087.329978,8841.767526,107840.628
30,745.276,43.4756,4366.96,859.70549,5568.392973,106674.526
31,-2161,44.1946,2299.63,-2701.363385,1959.278787,104142.0467
32,-5048.07,33.6756,-262.012,-6225.13836,-1603.788749,101004.0353
33,-7574.96,14.571,-2692.35,-9297.175475,-4697.481131,98026.87125
34,-9235.23,-10.7758,-4404.02,-11299.9564,-6696.959979,95930.0755
35,-9727.26,-23.941,-5125.15,-11886.56578,-7268.463831,95046.69125
36,-9359.35,-19.8036,-5075.17,-11440.94434,-6810.309511,95107.91675
37,-8719.39,-12.668,-4771,-10665.73445,-6025.71725,95480.525
38,-7966.5,-5.40355,-4377.18,-9752.343151,-5104.809052,95962.9545
39,-7216.48,1.7462,-3994.44,-8842.327095,-4189.436398,96431.811
40,-6612.65,7.28892,-3757.65,-8109.425177,-3452.480231,96721.87875
41,-6212.3,9.57077,-3730.4,-7621.791693,-2960.344725,96755.26
42,-5977.66,10.6946,-3834.28,-7335.734385,-2669.888788,96628.007
43,-5990.38,11.4664,-4095.95,-7352.26184,-2682.764046,96307.46125
44,-6266.17,11.0424,-4501.77,-7689.58519,-3017.590387,95810.33175
45,-6705.09,9.22877,-4977.14,-8225.040493,-3551.827507,95228.0035
46,-7147.78,7.34323,-5392.32,-8765.025957,-4092.680931,94719.408
47,-7551.33,6.32346,-5719.74,-9258.125488,-4590.90257,94318.3185
48,-7906.63,4.0131,-5975.71,-9690.537798,-5032.508283,94004.75525
49,-8124.58,-1.56156,-6101.45,-9950.697589,-5304.117139,93850.72375
50,-8114.29,-9.52657,-6029.72,-9928.335202,-5295.165382,93938.593
51,-7862.78,-16.1732,-5738.65,-9612.09333,-4996.650894,94295.15375
52,-7423.58,-19.0254,-5271.49,-9070.579385,-4481.009531,94867.42475
53,-6914.63,-18.8731,-4740.26,-8447.302203,-3894.05902,95518.1815
54,-6470.71,-18.3413,-4276.27,-7904.151658,-3397.828967,96086.56925
55,-6088.45,-19.1601,-3902.03,-7434.880128,-2983.916677,96545.01325
56,-5766.04,-21.5204,-3624.78,-7037.03651,-2647.830329,96884.6445
57,-5485.79,-24.8621,-3431.42,-6689.636677,-2366.438384,97121.5105
58,-5262.08,-28.5856,-3335.92,-6411.03064,-2156.72309,97238.498
59,-5103.75,-32.0536,-3340.87,-6212.82809,-2029.136543,97232.43425
60,-5026.05,-34.8271,-3463.32,-6114.248053,-2001.996282,97082.433
61,-5019.8,-36.8032,-3681.59,-6104.17108,-2063.619583,96815.05225
62,-5056.82,-38.734,-3969.86,-6147.15535,-2177.836201,96461.9215
63,-5097.95,-40.8952,-4296.62,-6194.89213,-2295.333073,96061.6405
64,-5131.42,-42.5402,-4685.79,-6233.877755,-2402.554943,95584.90725
65,-5152.47,-43.2741,-5124.27,-6258.764978,-2494.469787,95047.76925
66,-5130.16,-43.3719,-5558.79,-6231.315422,-2532.848518,94515.48225
67,-5089.63,-43.0379,-5983.05,-6182.075322,-2548.409587,93995.76375
68,-4999.79,-42.7234,-6271.13,-6072.406585,-2502.030942,93642.86575
69,-4963.3,-42.4901,-6557.22,-6027.992128,-2518.77621,93292.4055
70,-4966.86,-42.4452,-6813,-6032.40813,-2581.524243,92979.075
71,-4980.43,-42.7098,-6953.89,-6048.707245,-2653.252898,92806.48475
72,-4970.68,-43.1349,-6936.87,-6036.242748,-2692.600802,92827.33425
73,-4963.44,-43.765,-6814.77,-6026.601875,-2730.196087,92976.90675
74,-4933.04,-44.7541,-6592.46,-5988.150228,-2733.801497,93249.2365
75,-4886.07,-46.1198,-6305.73,-5928.938995,-2710.58213,93600.48075
76,-4840.42,-47.8959,-6011.24,-5870.842022,-2681.857883,93961.231
77,-4817,-50.2627,-5757.58,-5839.253193,-2672.169112,94271.9645
78,-4829.6,-53.2708,-5575.84,-5851.00327,-2697.93774,94494.596
79,-4891.4,-56.7323,-5476.69,-5922.467933,-2775.425191,94616.05475
80,-4987.44,-60.6965,-5431.92,-6035.260788,-2886.097017,94670.898
81,-5098.58,-65.4249,-5428.42,-6165.614998,-3006.414978,94675.1855
82,-5202.01,-71.0345,-5447.98,-6285.444988,-3108.35425,94651.2245
83,-5269,-77.7412,-5457.74,-6359.29203,-3156.640197,94639.2685
84,-5285.51,-85.5274,-5429.81,-6369.978685,-3134.822267,94673.48275
85,-5251.67,-93.989,-5355,-6318.159225,-3044.628757,94765.125
86,-5154.98,-102.828,-5217.03,-6188.8862,-2871.966918,94934.13825
87,-5011.87,-112.207,-5034.06,-6002.087175,-2638.086451,95158.2765
88,-4838.17,-122.25,-4823.44,-5777.002,-2362.837412,95416.286
89,-4666.44,-132.665,-4619.36,-5553.874375,-2087.615144,95666.284
90,-4519.38,-142.965,-4448.48,-5361.108375,-1841.515602,95875.612
91,-4394.3,-152.724,-4311.73,-5195.9306,-1621.891314,96043.13075
92,-4291.27,-161.849,-4217.05,-5058.540725,-1428.932193,96159.11375
93,-4210.99,-170.17,-4177.51,-4950.0045,-1263.033782,96207.55025
94,-4144.92,-177.377,-4185.87,-4860.240175,-1112.210484,96197.30925
95,-4077.43,-183.164,-4221.14,-4770.47585,-955.2030213,96154.1035
96,-4010.42,-187.116,-4294.38,-4683.5474,-791.1282542,96064.3845
97,-3941.43,-188.745,-4395.09,-4597.039125,-612.2820638,95941.01475
98,-3862.18,-187.621,-4500.16,-4501.334775,-402.8770765,95812.304
99,-3753.83,-183.712,-4555,-4373.39455,-133.2109516,95745.125
100,-3641.78,-177.507,-4603.86,-4243.734425,171.1744336,95685.2715
101,-3556.91,-169.67,-4668.19,-4149.369,474.611841,95606.46725
102,-3478.27,-159.448,-4704.97,-4065.55695,795.072148,95561.41175
103,-3398.31,-146.357,-4694.59,-3983.642425,1125.95367,95574.12725
104,-3322.28,-130.734,-4635.79,-3909.64385,1449.068509,95646.15725
105,-3263.49,-113.403,-4539.24,-3858.856575,1737.6977,95764.431
106,-3219.23,-95.957,-4409.23,-3826.009425,1979.359117,95923.69325
107,-3191.92,-79.6687,-4268.12,-3812.507843,2157.771953,96096.553
108,-3181.64,-65.514,-4141.8,-3817.25435,2266.212738,96251.295
109,-3180.44,-54.3918,-4027.59,-3829.409045,2313.603071,96391.20225
110,-3194.93,-46.9525,-3950.84,-3856.272438,2293.202635,96485.221
111,-3209.51,-43.2115,-3882.48,-3878.715663,2226.550553,96568.962
112,-3229.64,-42.3445,-3835.55,-3904.436987,2112.137912,96626.45125
113,-3244.43,-42.9483,-3776.6,-3921.815083,1971.533802,96698.665
114,-3257.89,-43.4116,-3719.24,-3937.73604,1810.398338,96768.931
115,-3259.72,-42.4689,-3656.93,-3941.132598,1653.133833,96845.26075
116,-3249.8,-39.438,-3589.31,-3932.69345,1509.556558,96928.09525
117,-3231.61,-34.3646,-3521.7,-3916.625615,1382.279893,97010.9175
118,-3211.84,-27.6253,-3459.32,-3900.663008,1267.488566,97087.333
119,-3188.05,-19.8384,-3397.78,-3881.05921,1169.984923,97162.7195
120,-3172.39,-11.6607,-3351.18,-3871.893393,1075.2709,97219.8045
121,-3161.12,-3.75685,-3317.15,-3867.769859,987.8892382,97261.49125
122,-3152.08,3.07116,-3295.29,-3865.060171,910.9938236,97288.26975
123,-3142.91,8.37089,-3289.33,-3860.31909,848.280625,97295.57075
124,-3142.07,12.7554,-3302.75,-3864.661115,787.8823267,97279.13125
125,-3138.27,15.1525,-3332.99,-3862.942563,744.5715311,97242.08725
126,-3106.52,14.6626,-3380.79,-3823.448685,749.981967,97183.53225
127,-3078.62,13.1642,-3447.81,-3787.435645,761.4286977,97101.43275
128,-3049.47,11.0144,-3517.62,-3749.09339,783.2113026,97015.9155
129,-3024.22,8.57415,-3592.92,-3715.172834,806.752809,96923.673
130,-3003.12,6.05284,-3664.2,-3686.236729,829.9467662,96836.355
131,-2985.08,3.52312,-3732.01,-3661.038822,852.1233903,96753.28775
132,-2960.91,1.12492,-3779.73,-3628.492777,883.2775273,96694.83075
133,-2933.96,-1.10837,-3807.13,-3592.743247,917.971718,96661.26575
134,-2905.02,-3.12472,-3812.41,-3554.821718,954.7240775,96654.79775
135,-2864.49,-4.81977,-3780.99,-3503.096032,1004.379961,96693.28725
136,-2836.5,-6.227,-3734.4,-3467.084425,1037.414967,96750.36
137,-2809.01,-7.25689,-3660.18,-3432.14756,1067.988455,96841.2795
138,-2796.78,-7.88139,-3585.22,-3416.400797,1078.221466,96933.1055
139,-2793.17,-8.03657,-3515.93,-3411.788452,1076.242707,97017.98575
140,-2798.33,-7.77532,-3457.64,-3418.429483,1061.874775,97089.391
141,-2809.64,-7.07794,-3416,-3433.138523,1038.943842,97140.4
142,-2826.31,-6.06913,-3387.56,-3454.795066,1009.161536,97175.239
143,-2850.41,-4.65896,-3370.63,-3486.045024,970.2256409,97195.97825
144,-2889.07,-3.03659,-3360.99,-3535.390927,914.3987509,97207.78725
145,-2936.48,-1.39339,-3359.84,-3595.481097,849.9883374,97209.196
146,-2982.15,0.124525,-3362.86,-3653.286293,790.8692462,97205.4965
147,-3009.53,1.50939,-3356.43,-3688.523253,757.3451417,97213.37325
148,-3024.63,2.69008,-3346.85,-3708.467098,742.2835072,97225.10875
149,-3014.62,3.65535,-3318.84,-3697.387304,760.5573064,97259.421
150,-2998.89,4.38643,-3289.79,-3679.013627,787.1604564,97295.00725
151,-2983.02,4.90492,-3262.21,-3660.208027,813.7405387,97328.79275
152,-2974.91,5.05946,-3242.71,-3650.462589,829.5877905,97352.68025
153,-2969.31,4.78269,-3232.21,-3643.263545,839.7203804,97365.54275
154,-2959.66,4.12177,-3228.94,-3630.632668,851.1080248,97369.5485
155,-2943.9,3.22776,-3232.46,-3610.231506,865.5972778,97365.2365
156,-2928.04,2.1675,-3247.31,-3589.504188,875.7436756,97347.04525
157,-2913.67,0.989921,-3274.53,-3570.458403,880.5466276,97313.70075
158,-2896.42,-0.22322,-3307.86,-3547.841056,886.1420761,97272.8715
159,-2876.38,-1.38679,-3345.68,-3521.866682,893.9974367,97226.542
160,-2856.16,-2.43085,-3384.73,-3495.818209,902.077029,97178.70575
161,-2837.08,-3.31016,-3421.67,-3471.368054,909.7916865,97133.45425
162,-2817.05,-3.96368,-3449.3,-3446.030742,920.9344143,97099.6075
163,-2793.94,-4.37361,-3461.15,-3417.218828,938.5684888,97085.09125
164,-2770.65,-4.59942,-3458.06,-3388.411961,960.0896879,97088.8765
165,-2741.81,-4.64086,-3433.15,-3353.032197,992.220075,97119.39125
166,-2718.09,-4.51895,-3396.05,-3324.124536,1022.457106,97164.83875
167,-2702.34,-4.21943,-3350.84,-3305.197698,1047.044935,97220.221
168,-2689.03,-3.71245,-3296.24,-3289.513999,1072.811502,97287.106
169,-2692.24,-3.02321,-3254.45,-3294.290568,1081.819821,97338.29875
170,-2695.77,-2.08265,-3213.95,-3299.767004,1092.858284,97387.91125
171,-2703.92,-0.909951,-3184.12,-3311.18731,1099.471361,97424.453
172,-2713.85,0.393566,-3163.85,-3324.948368,1103.473838,97449.28375
173,-2725.08,1.76622,-3150.74,-3340.38662,1103.670423,97465.3435
174,-2740,3.13533,-3144.58,-3360.340779,1095.418477,97472.8895
175,-2769.82,4.35449,-3150.01,-3398.36375,1063.489112,97466.23775
176,-2825.27,5.31423,-3177.4,-3467.465682,993.9912231,97432.685
177,-2881.48,5.95235,-3209.56,-3537.104629,917.2457774,97393.289
178,-2931.9,6.232,-3244.51,-3599.2117,841.3065956,97350.47525
179,-2971.41,6.1501,-3278.31,-3647.511123,773.7874067,97309.07025
180,-2988.72,5.71187,-3297.56,-3668.179041,729.8674387,97285.489
181,-2988.89,4.96689,-3304.05,-3667.47469,705.5198889,97277.53875
182,-2973.39,3.96618,-3294.63,-3647.26132,700.6405065,97289.07825
183,-2957.97,2.742,-3281.68,-3626.8722,697.9049556,97304.942
184,-2951.37,1.40903,-3276.51,-3617.154312,688.4795787,97311.27525
185,-2941.34,0.173649,-3270.31,-3603.35422,688.3370598,97318.87025
186,-2922,-0.813374,-3261.67,-3578.453617,705.4369067,97329.45425
187,-2903.17,-1.5268,-3260.64,-3554.51292,728.1164271,97330.716
188,-2874.72,-1.8046,-3256.28,-3519.321365,768.897162,97336.057
189,-2842.75,-1.68588,-3252.14,-3480.303547,819.7845375,97341.1285
190,-2815.46,-1.26787,-3252.94,-3447.385359,869.9602441,97340.1485
191,-2793.91,-0.635262,-3256.32,-3421.761554,916.7387338,97336.008
192,-2779.26,0.157294,-3260.92,-3404.786185,957.3262835,97330.373
193,-2767.5,1.10329,-3263.27,-3391.53903,994.2614554,97327.49425
194,-2755.4,2.12831,-3260.5,-3377.97218,1029.753291,97330.8875
195,-2740.06,3.09623,-3248.06,-3360.366382,1065.448164,97346.1265
196,-2722.43,3.96016,-3224.95,-3339.827946,1098.700649,97374.43625
197,-2709.97,4.68773,-3198.64,-3325.455719,1119.155455,97406.666
198,-2698.91,5.2567,-3165.1,-3312.604208,1131.027039,97447.7525
199,-2693.14,5.65849,-3130.17,-3306.02815,1129.011783,97490.54175
200,-2694.99,5.87355,-3099.57,-3308.557849,1110.831692,97528.02675
201,-2698.4,5.83862,-3072.83,-3312.69231,1084.71557,97560.78325
202,-2700.01,5.5519,-3047.24,-3314.313328,1056.12335,97592.131
203,-2702.2,5.06273,-3028.28,-3316.396844,1023.915955,97615.357
204,-2700.33,4.41252,-3007.82,-3313.309587,995.2731369,97640.4205
205,-2699.37,3.67664,-2993.25,-3311.232134,965.9875843,97658.26875
206,-2700.72,2.94846,-2982.86,-3311.993863,935.5324146,97670.9965
207,-2710.45,2.28454,-2980.87,-3323.099812,897.457453,97673.43425
208,-2743.34,1.73322,-2999.84,-3362.714695,834.7023352,97650.196
209,-2784.88,1.19262,-3030.93,-3412.93896,765.9792407,97612.11075
210,-2830.31,0.618,-3074.25,-3467.8868,697.8984818,97559.04375
211,-2864.12,0.0287184,-3114.04,-3508.58218,649.4579395,97510.301
212,-2888.36,-0.516485,-3149.35,-3537.608306,618.4512531,97467.04625
213,-2904.35,-0.975528,-3179.63,-3556.633728,602.8061579,97429.95325
214,-2914.34,-1.30888,-3204.29,-3568.463122,599.5944496,97399.74475
215,-2919.89,-1.49299,-3224.08,-3575.036337,606.613796,97375.502
216,-2924.06,-1.5192,-3243.08,-3580.11248,619.3495282,97352.227
217,-2925.15,-1.429,-3259.1,-3581.558225,639.5389892,97332.6025
218,-2928.45,-1.2014,-3273.65,-3585.879535,659.8977792,97314.77875
219,-2936.62,-0.796848,-3287.88,-3596.383361,676.6033249,97297.347
220,-2942.52,-0.13316,-3298.71,-3604.423879,697.0267108,97284.08025
221,-2917.8,0.731579,-3285.93,-3575.201184,755.1596589,97299.73575
222,-2876.27,1.56361,-3255.62,-3525.346172,833.3095883,97336.8655
223,-2830.83,2.44304,-3216.53,-3470.759474,914.0730627,97384.75075
224,-2785.26,3.39289,-3171.23,-3416.09979,991.8731935,97440.24325
225,-2743.83,4.37094,-3123.69,-3366.546151,1060.508654,97498.47975
226,-2717.13,5.31318,-3082.7,-3334.992896,1105.972331,97548.6925
227,-2707.91,6.17248,-3053.02,-3324.751038,1124.391936,97585.0505
228,-2704.89,6.89335,-3028.25,-3321.934604,1128.667725,97615.39375
229,-2703.55,7.38734,-3007.48,-3320.898242,1124.348753,97640.837
230,-2701.43,7.60065,-2989.48,-3318.562546,1114.337065,97662.887
231,-2698.48,7.51073,-2973.63,-3314.838644,1098.990236,97682.30325
232,-2694.48,7.13187,-2958.4,-3309.474541,1079.694943,97700.96
233,-2689.45,6.52122,-2942.34,-3302.564744,1057.489721,97720.6335
234,-2682.83,5.7746,-2923.16,-3293.540635,1034.458456,97744.129
235,-2675.16,4.99061,-2901.09,-3283.184497,1011.526858,97771.16475
236,-2667.35,4.21906,-2878.21,-3272.672099,989.1711169,97799.19275
237,-2659.91,3.46927,-2857.7,-3262.639606,968.1775426,97824.3175
238,-2654.68,2.81803,-2843.06,-3255.435087,947.265656,97842.2515
239,-2658.78,2.32423,-2840.12,-3259.852682,918.4832586,97845.853
240,-2672.75,1.95241,-2847.56,-3276.510452,881.8117722,97836.739
241,-2690.74,1.54098,-2860.3,-3298.044201,845.2536934,97821.1325
242,-2706.58,1.04927,-2873.19,-3316.845856,816.4389215,97805.34225
243,-2717.6,0.491083,-2884.49,-3329.661577,798.8312282,97791.49975
244,-2724.11,-0.0798001,-2894.67,-3336.936995,791.8576456,97779.02925
245,-2728.33,-0.60055,-2905.3,-3341.468576,792.4254471,97766.0075
246,-2731.97,-1.02094,-2917.01,-3345.412599,797.9781982,97751.66275
247,-2735.78,-1.32092,-2929.67,-3349.712373,807.1124473,97736.15425
248,-2739.3,-1.46965,-2942.06,-3353.842179,819.8776766,97720.9765
249,-2742.36,-1.45801,-2953.47,-3357.604938,835.9691019,97706.99925
250,-2744.64,-1.27604,-2963.06,-3360.620851,855.2195135,97695.2515
251,-2745.74,-0.931043,-2970.23,-3362.390972,877.55962,97686.46825
252,-2745.21,-0.429376,-2974.42,-3362.356264,902.8987792,97681.3355
253,-2743.35,0.232578,-2975.58,-3360.888658,930.1068209,97679.9145
254,-2740.78,1.03591,-2974.41,-3358.72449,957.5853419,97681.34775
255,-2738.25,1.94094,-2972.14,-3356.733902,983.5227507,97684.1285
256,-2736.75,2.9016,-2970.22,-3356.07321,1005.784589,97686.4805
257,-2737.06,3.86863,-2969.87,-3357.637572,1022.635534,97686.90925
258,-2739.79,4.79589,-2972,-3362.117715,1032.530632,97684.3
259,-2745.05,5.64623,-2976.88,-3369.602882,1034.569198,97678.322
260,-2752.5,6.37704,-2984.23,-3379.624374,1028.34936,97669.31825
261,-2761.17,6.9485,-2993.06,-3390.945163,1014.842858,97658.5015
262,-2770.01,7.31545,-3002.27,-3402.223676,994.9685456,97647.21925
263,-2778.22,7.44326,-3010.92,-3412.437494,969.8179941,97636.623
264,-2785.07,7.32403,-3018.25,-3420.682687,940.7446344,97627.64375
265,-2790.49,6.97492,-3024.15,-3426.894527,908.8521411,97620.41625
266,-2795,6.43188,-3029.11,-3431.754053,874.3873509,97614.34025
267,-2798.73,5.75743,-3033.24,-3435.497102,838.7415274,97609.281
268,-2801.8,5.02743,-3036.63,-3438.363602,803.2415149,97605.12825
269,-2804.19,4.32128,-3039.24,-3440.426318,769.267933,97601.931
270,-2805.87,3.70118,-3041.08,-3441.724696,737.9887336,97599.677
271,-2806.88,3.19892,-3042.27,-3442.346677,710.2053363,97598.21925
272,-2807.46,2.81304,-3043.04,-3442.584474,686.2209665,97597.276
273,-2807.79,2.51856,-3043.56,-3442.627986,666.2379542,97596.639
274,-2808.05,2.28026,-3043.92,-3442.654569,650.3075375,97596.198
275,-2808.17,2.0608,-3043.96,-3442.53273,638.6564624,97596.149
276,-2807.89,1.82841,-3043.33,-3441.905052,631.5923113,97596.92075
277,-2806.66,1.55709,-3041.42,-3440.065935,629.7011199,97599.2605
278,-2804.04,1.22784,-3037.85,-3436.453104,633.3780884,97603.63375
279,-2800.02,0.837687,-3032.71,-3431.050667,642.3714542,97609.93025
280,-2795.06,0.387565,-3026.56,-3424.423267,655.8356918,97617.464
281,-2789.54,-0.0923482,-3019.84,-3417.073373,672.9535214,97625.696
282,-2784.27,-0.570089,-3013.34,-3410.032391,692.33467,97633.6585
283,-2779.46,-1.00297,-3007.24,-3403.609862,713.3208037,97641.131
284,-2775.26,-1.36043,-3001.64,-3398.026973,735.3410812,97647.991
285,-2771.66,-1.61061,-2996.61,-3393.310503,758.0286255,97654.15275
286,-2768.59,-1.72063,-2992.16,-3389.414978,781.0980701,97659.604
287,-2765.89,-1.66331,-2988.22,-3386.177695,804.3692932,97664.4305
288,-2763.32,-1.41886,-2984.6,-3383.328897,827.7899914,97668.865
289,-2760.89,-0.985276,-2981.3,-3380.883287,850.9710739,97672.9075
290,-2758.55,-0.370572,-2978.25,-3378.769799,873.5699898,97676.64375
291,-2756.3,0.405014,-2975.46,-3376.963642,895.1189677,97680.0615
292,-2754.18,1.30843,-2972.95,-3375.473327,915.0615947,97683.13625
293,-2752.07,2.29864,-2970.59,-3374.101584,932.9720169,97686.02725
294,-2750.24,3.31822,-2968.63,-3373.10882,947.9646168,97688.42825
295,-2749.53,4.26132,-2967.11,-3373.394367,958.6252057,97690.29025
296,-2748.78,5.19255,-2966.17,-3373.616374,965.7191041,97691.44175
297,-2748.21,6.04084,-2965.9,-3373.957279,968.526881,97691.7725
298,-2748.02,6.7485,-2966.24,-3374.591413,966.4772688,97691.356
299,-2748.34,7.2692,-2967.13,-3375.62127,959.2072207,97690.26575
300,-2749.23,7.56889,-2968.49,-3377.07864,946.695296,97688.59975
301,-2750.39,7.57204,-2970.29,-3378.503499,929.7262164,97686.39475
302,-2751.95,7.36799,-2972.17,-3380.164538,908.5807023,97684.09175
303,-2753.73,6.98168,-2974.01,-3381.871808,884.2929265,97681.83775
304,-2755.74,6.45714,-2975.9,-3383.691497,857.8277275,97679.5225
305,-2757.59,5.84404,-2977.59,-3385.206699,830.6986295,97677.45225
306,-2759.12,5.19631,-2978.99,-3386.28748,804.1149793,97675.73725
307,-2760.22,4.56424,-2980.06,-3386.860694,779.0081615,97674.4265
308,-2760.87,3.99095,-2980.79,-3386.954664,756.0033813,97673.53225
309,-2761.1,3.50675,-2981.21,-3386.643269,735.3957665,97673.01775
310,-2761.02,3.1241,-2981.38,-3386.076523,717.1904242,97672.8095
311,-2760.55,2.84383,-2981.19,-3385.157442,701.4013188,97673.04225
312,-2759.96,2.64756,-2980.83,-3384.194261,687.5805688,97673.48325
313,-2759.39,2.51558,-2980.43,-3383.334335,675.3522098,97673.97325
314,-2758.95,2.42951,-2980.07,-3382.6899,664.3404835,97674.41425
315,-2758.67,2.37399,-2979.82,-3382.278888,654.3159864,97674.7205
316,-2758.79,2.33302,-2979.9,-3382.3757,644.7696967,97674.6225
317,-2759.16,2.30368,-2980.19,-3382.793008,635.7181411,97674.26725
318,-2759.51,2.28345,-2980.43,-3383.196976,627.3452199,97673.97325
319,-2759.94,2.26812,-2980.72,-3383.704947,619.4264574,97673.618
320,-2760.35,2.25582,-2980.99,-3384.192129,612.0225534,97673.28725
321,-2760.69,2.2442,-2981.16,-3384.594395,605.1658963,97673.079
322,-2761.01,2.22796,-2981.3,-3384.966501,598.8024637,97672.9075
323,-2761.07,2.20304,-2981.18,-3385.009474,593.2536436,97673.0545
324,-2760.93,2.15982,-2980.83,-3384.785029,588.4909621,97673.48325
325,-2760.4,2.09945,-2980.1,-3384.061826,584.8116545,97674.3775
326,-2759.46,2.01997,-2978.95,-3382.812963,582.2866561,97675.78625
327,-2758.17,1.92319,-2977.4,-3381.114158,580.916927,97677.685
328,-2756.65,1.81057,-2975.64,-3379.114198,580.5865987,97679.841
329,-2755.14,1.67357,-2973.94,-3377.096623,581.07766,97681.9235
330,-2753.75,1.50199,-2972.42,-3375.183688,582.3332448,97683.7855
331,-2752.52,1.28945,-2971.1,-3373.416576,584.3774054,97685.4025
332,-2751.39,1.03295,-2969.91,-3371.718114,587.3414745,97686.86025
333,-2750.26,0.732392,-2968.71,-3369.96568,591.3802402,97688.33025
334,-2748.96,0.390421,-2967.33,-3367.954266,596.7525917,97690.02075
335,-2747.3,0.0104987,-2965.61,-3365.455361,603.7080694,97692.12775
336,-2745.07,-0.41134,-2963.3,-3362.206859,612.518854,97694.9575
337,-2742.41,-0.867497,-2960.6,-3358.389566,623.0033158,97698.265
338,-2739.42,-1.36077,-2957.56,-3354.122557,635.0415937,97701.989
339,-2736.06,-1.89468,-2954.14,-3349.352517,648.6753637,97706.1785
340,-2732.51,-2.45911,-2950.53,-3344.31234,663.649256,97710.60075
341,-2728.85,-3.042,-2946.82,-3339.1148,679.817173,97715.1455
342,-2725.12,-3.62636,-2943.05,-3333.829709,697.0650703,97719.76375
343,-2721.3,-4.18701,-2939.22,-3328.463413,715.3314141,97724.4555
344,-2717.41,-4.69225,-2935.34,-3323.079244,734.4758275,97729.2085
345,-2713.56,-5.12975,-2931.53,-3317.827056,754.2927239,97733.87575
346,-2709.76,-5.49573,-2927.78,-3312.723731,774.6765571,97738.4695
347,-2705.99,-5.79176,-2924.04,-3307.742844,795.6075532,97743.051
348,-2702.25,-5.9973,-2920.35,-3302.909558,816.9382425,97747.57125
349,-2698.57,-6.08383,-2916.74,-3298.295558,838.4849146,97751.9935
350,-2694.99,-6.02859,-2913.25,-3293.977727,860.0262472,97756.26875
351,-2691.58,-5.81705,-2909.94,-3290.059614,881.3036412,97760.3235
352,-2688.41,-5.44307,-2906.87,-3286.634489,902.0373053,97764.08425
353,-2685.56,-4.90851,-2904.1,-3283.798075,921.9461525,97767.4775
354,-2683.09,-4.22322,-2901.7,-3281.611806,940.7531252,97770.4175
355,-2681.07,-3.40539,-2899.72,-3280.139147,958.1495688,97772.843
356,-2679.57,-2.48241,-2898.25,-3279.432298,973.8408142,97774.64375
357,-2678.66,-1.48741,-2897.37,-3279.536423,987.5419886,97775.72175
358,-2678.75,-0.522521,-2897.42,-3280.828662,998.6598732,97775.6605
359,-2679.25,0.520285,-2897.89,-3282.718599,1007.465411,97775.08475
360,-2680.03,1.57827,-2898.68,-3284.970131,1013.982164,97774.117
361,-2681.15,2.59898,-2899.82,-3287.592501,1017.97804,97772.7205
362,-2682.64,3.54181,-2901.3,-3290.572717,1019.316061,97770.9075
363,-2684.48,4.3754,-2903.14,-3293.847865,1017.980953,97768.6535
364,-2686.63,5.07836,-2905.28,-3297.342741,1013.977732,97766.032
365,-2688.93,5.63635,-2907.58,-3300.843779,1007.562627,97763.2145
366,-2691.32,6.03728,-2909.96,-3304.262668,998.8953764,97760.299
367,-2693.68,6.27425,-2912.3,-3307.443956,988.3057062,97757.4325
368,-2695.95,6.34561,-2914.56,-3310.312122,976.1472265,97754.664
369,-2698.09,6.22735,-2916.66,-3312.788754,962.8394011,97752.0915
370,-2700.03,5.978,-2918.58,-3314.8598,948.7804797,97749.7395
371,-2701.73,5.61126,-2920.25,-3316.493044,934.4523079,97747.69375
372,-2703.11,5.14978,-2921.6,-3317.618231,920.3458225,97746.04
373,-2704.04,4.63394,-2922.48,-3318.125577,906.9943934,97744.962
374,-2704.57,4.06959,-2923.01,-3318.083498,894.7028329,97744.31275
375,-2704.87,3.48737,-2923.31,-3317.737778,883.5049915,97743.94525
376,-2704.99,2.90774,-2923.42,-3317.174732,873.5741843,97743.8105
377,-2704.97,2.34784,-2923.38,-3316.464354,865.0261881,97743.8595
378,-2704.77,1.82204,-2923.15,-3315.575249,858.0142679,97744.14125
379,-2704.4,1.33999,-2922.73,-3314.531488,852.5718056,97744.65575
380,-2703.82,0.905566,-2922.12,-3313.288818,848.7571177,97745.403
381,-2702.92,0.519779,-2921.22,-3311.713729,846.6742564,97746.5055
382,-2701.68,0.192073,-2920.01,-3309.793289,846.2845204,97747.98775
383,-2700.29,-0.0775093,-2918.63,-3307.760301,847.2492848,97749.67825
384,-2698.89,-0.305786,-2917.23,-3305.765662,849.3219174,97751.39325
385,-2697.54,-0.504802,-2915.85,-3303.868118,852.3688627,97753.08375
386,-2696.21,-0.6769,-2914.47,-3302.028048,856.3224951,97754.77425
387,-2694.87,-0.821287,-2913.1,-3300.209673,861.1111083,97756.4525
388,-2693.5,-0.937698,-2911.73,-3298.38882,866.6619342,97758.13075
389,-2692.1,-1.02488,-2910.34,-3296.567022,872.8764075,97759.8335
390,-2690.69,-1.08087,-2908.95,-3294.771184,879.6305666,97761.53625
391,-2689.29,-1.10369,-2907.57,-3293.02823,886.8004595,97763.22675
392,-2687.94,-1.09167,-2906.24,-3291.389204,894.2380857,97764.856
393,-2686.64,-1.03015,-2904.97,-3289.872066,901.8179989,97766.41175
394,-2685.45,-0.939848,-2903.78,-3288.524936,909.4167271,97767.8695
395,-2684.35,-0.8187,-2902.69,-3287.325843,916.9703861,97769.20475
396,-2683.38,-0.665582,-2901.72,-3286.325162,924.3216851,97770.393
397,-2682.53,-0.480729,-2900.87,-3285.510357,931.3871675,97771.43425
398,-2681.81,-0.265989,-2900.16,-3284.891413,938.0823681,97772.304
399,-2681.26,-0.02558,-2899.62,-3284.512165,944.257375,97772.9655
400,-2680.95,0.217443,-2899.32,-3284.430118,949.8019273,97773.333
401,-2680.8,0.479809,-2899.18,-3284.567766,954.7091541,97773.5045
402,-2680.73,0.751744,-2899.13,-3284.815136,959.0154516,97773.56575
403,-2680.74,1.02737,-2899.14,-3285.165028,962.6757646,97773.5535
404,-2680.82,1.30004,-2899.22,-3285.597049,965.6688758,97773.4555
405,-2681,1.56236,-2899.4,-3286.138891,967.925485,97773.235
406,-2681.29,1.80662,-2899.7,-3286.793359,969.4117147,97772.8675
407,-2681.71,2.02594,-2900.11,-3287.576527,970.1226362,97772.36525
408,-2682.24,2.21536,-2900.65,-3288.457816,970.0786688,97771.70375
409,-2682.86,2.37351,-2901.27,-3289.41105,969.3379915,97770.94425
410,-2683.53,2.49956,-2901.93,-3290.386211,967.9824691,97770.13575
411,-2684.2,2.59315,-2902.6,-3291.321609,966.1055083,97769.315
412,-2684.86,2.65439,-2903.26,-3292.205128,963.793149,97768.5065
413,-2685.49,2.68376,-2903.89,-3293.012856,961.1220142,97767.73475
414,-2686.09,2.68231,-2904.49,-3293.74608,958.1752551,97766.99975
415,-2686.65,2.64625,-2905.04,-3294.387906,955.0330657,97766.326
416,-2687.16,2.58746,-2905.55,-3294.940639,951.7776701,97765.70125
417,-2687.63,2.50812,-2906.01,-3295.419197,948.4681761,97765.13775
418,-2688.03,2.41128,-2906.42,-3295.790568,945.2223189,97764.6355
419,-2688.37,2.30078,-2906.75,-3296.071706,942.0761792,97764.23125
420,-2688.62,2.18199,-2906.99,-3296.232438,939.144847,97763.93725
421,-2688.79,2.05694,-2907.16,-3296.287501,936.4561822,97763.729
422,-2688.9,1.92921,-2907.27,-3296.265782,934.0345489,97763.59425
423,-2688.96,1.8014,-2907.33,-3296.182715,931.8859684,97763.52075
424,-2688.98,1.67629,-2907.34,-3296.053955,930.0480852,97763.5085
425,-2688.95,1.55615,-2907.31,-3295.870034,928.5412195,97763.54525
426,-2688.88,1.44306,-2907.22,-3295.645749,927.3720147,97763.6555
427,-2688.74,1.3387,-2907.09,-3295.346407,926.5647206,97763.81475
428,-2688.55,1.24489,-2906.89,-3294.99874,926.1033615,97764.05975
429,-2688.31,1.16354,-2906.65,-3294.605087,925.9750744,97764.35375
430,-2688.02,1.09515,-2906.36,-3294.166059,926.1686818,97764.709
431,-2687.72,1.03878,-2906.06,-3293.729505,926.6151142,97765.0765
432,-2687.4,0.993587,-2905.74,-3293.282144,927.3064009,97765.4685
433,-2687.09,0.959036,-2905.44,-3292.860069,928.1957892,97765.836
434,-2686.8,0.934912,-2905.14,-3292.475267,929.2393751,97766.2035
435,-2686.51,0.921087,-2904.86,-3292.103082,930.4405066,97766.5465
436,-2686.24,0.91736,-2904.59,-3291.767766,931.7429959,97766.87725
437,-2685.98,0.923353,-2904.33,-3291.456607,933.1276252,97767.19575
438,-2685.73,0.940825,-2904.08,-3291.171761,934.5815457,97767.502
439,-2685.5,0.965204,-2903.85,-3290.919875,936.0555768,97767.78375
440,-2685.28,0.995957,-2903.63,-3290.688047,937.5519455,97768.05325
441,-2685.08,1.03243,-2903.43,-3290.487727,939.0167022,97768.29825
442,-2684.91,1.0739,-2903.26,-3290.330277,940.4278329,97768.5065
443,-2684.77,1.11952,-2903.12,-3290.214662,941.7651285,97768.678
444,-2684.67,1.16798,-2903.02,-3290.151526,942.9861045,97768.8005
445,-2684.6,1.21714,-2902.96,-3290.125997,944.1056265,97768.874
446,-2684.56,1.26816,-2902.93,-3290.139496,945.1010626,97768.91075
447,-2684.55,1.3195,-2902.91,-3290.190138,945.9531023,97768.93525
448,-2684.55,1.3702,-2902.91,-3290.252245,946.6874353,97768.93525
449,-2684.57,1.41931,-2902.93,-3290.336905,947.2823893,97768.91075
450,-2684.6,1.46584,-2902.97,-3290.430654,947.7408446,97768.86175
451,-2684.66,1.50884,-2903.03,-3290.556829,948.0500822,97768.78825
452,-2684.74,1.54729,-2903.11,-3290.70193,948.2130173,97768.69025
453,-2684.84,1.58045,-2903.21,-3290.865051,948.2411705,97768.56775
454,-2684.96,1.60821,-2903.33,-3291.046057,948.1346873,97768.42075
455,-2685.08,1.63071,-2903.45,-3291.22062,947.928505,97768.27375
456,-2685.21,1.64808,-2903.58,-3291.401148,947.6208207,97768.1145
457,-2685.33,1.66039,-2903.7,-3291.563228,947.2360549,97767.9675
458,-2685.45,1.66773,-2903.82,-3291.719219,946.7724524,97767.8205
459,-2685.56,1.67023,-2903.93,-3291.857032,946.2739087,97767.68575
460,-2685.67,1.66685,-2904.04,-3291.987641,945.7188554,97767.551
461,-2685.78,1.6599,-2904.14,-3292.113878,945.1256704,97767.4285
462,-2685.87,1.64957,-2904.23,-3292.211473,944.5292315,97767.31825
463,-2685.96,1.63617,-2904.32,-3292.305308,943.9258741,97767.208
464,-2686.03,1.62013,-2904.4,-3292.371409,943.3395846,97767.11
465,-2686.1,1.60194,-2904.46,-3292.434876,942.7664834,97767.0365
466,-2686.15,1.58216,-2904.51,-3292.471896,942.2303999,97766.97525
467,-2686.18,1.56172,-2904.55,-3292.483607,941.7408149,97766.92625
468,-2686.21,1.5405,-2904.57,-3292.494363,941.2946015,97766.90175
469,-2686.22,1.51901,-2904.58,-3292.480287,940.9050465,97766.8895
470,-2686.22,1.49761,-2904.58,-3292.454072,940.5700788,97766.8895
471,-2686.22,1.47669,-2904.58,-3292.428445,940.2769848,97766.8895
472,-2686.21,1.45662,-2904.56,-3292.39161,940.0481787,97766.914
473,-2686.19,1.43775,-2904.54,-3292.343994,939.8832422,97766.9385
474,-2686.15,1.42045,-2904.51,-3292.273801,939.7939797,97766.97525
475,-2686.11,1.40508,-2904.47,-3292.205973,939.7448478,97767.02425
476,-2686.07,1.39186,-2904.42,-3292.140779,939.7461869,97767.0855
477,-2686.01,1.38077,-2904.37,-3292.053693,939.8225219,97767.14675
478,-2685.96,1.3717,-2904.31,-3291.981333,939.9266285,97767.22025
479,-2685.9,1.3646,-2904.26,-3291.899135,940.0830641,97767.2815
480,-2685.85,1.35946,-2904.21,-3291.831589,940.2567293,97767.34275
481,-2685.8,1.35626,-2904.15,-3291.766419,940.4598918,97767.41625
482,-2685.75,1.355,-2904.11,-3291.703625,940.6925447,97767.46525
483,-2685.7,1.35615,-2904.06,-3291.643784,940.9328912,97767.5265
484,-2685.66,1.35875,-2904.01,-3291.597969,941.1910629,97767.58775
485,-2685.61,1.36276,-2903.97,-3291.541631,941.459781,97767.63675
486,-2685.58,1.36807,-2903.93,-3291.511386,941.7236357,97767.68575
487,-2685.54,1.37454,-2903.9,-3291.470311,941.9877228,97767.7225
488,-2685.51,1.382,-2903.87,-3291.4427,942.2383504,97767.75925
489,-2685.49,1.39025,-2903.84,-3291.428306,942.475757,97767.796
490,-2685.47,1.39899,-2903.83,-3291.414513,942.7019494,97767.80825
491,-2685.46,1.40789,-2903.82,-3291.413165,942.9050775,97767.8205
492,-2685.45,1.41726,-2903.81,-3291.412394,943.086403,97767.83275
493,-2685.45,1.42667,-2903.81,-3291.423921,943.234199,97767.83275
494,-2685.45,1.43594,-2903.81,-3291.435276,943.3715384,97767.83275
495,-2685.45,1.4449,-2903.81,-3291.446252,943.4774188,97767.83275
496,-2685.46,1.45339,-2903.82,-3291.468903,943.5609927,97767.8205
497,-2685.47,1.46125,-2903.83,-3291.490781,943.6134976,97767.80825
498,-2685.48,1.46829,-2903.85,-3291.511655,943.6563734,97767.78375
499,-2685.5,1.47438,-2903.87,-3291.543616,943.6563217,97767.75925
500,-2685.52,1.4795,-2903.89,-3291.574388,943.6362217,97767.73475
501,-2685.55,1.48369,-2903.91,-3291.61627,943.5837746,97767.71025
502,-2685.57,1.48699,-2903.93,-3291.644813,943.5340367,97767.68575
503,-2685.59,1.48941,-2903.96,-3291.672277,943.4641436,97767.649
504,-2685.62,1.49096,-2903.98,-3291.710926,943.3724386,97767.6245
505,-2685.64,1.49163,-2904,-3291.736247,943.2728318,97767.6
506,-2685.66,1.49123,-2904.02,-3291.760257,943.1745168,97767.5755
507,-2685.68,1.49017,-2904.04,-3291.783458,943.0663895,97767.551
508,-2685.7,1.48848,-2904.06,-3291.805888,942.9484155,97767.5265
509,-2685.71,1.4862,-2904.08,-3291.815345,942.8434034,97767.502
510,-2685.73,1.48339,-2904.09,-3291.836403,942.726782,97767.48975
511,-2685.74,1.48014,-2904.1,-3291.844672,942.6229445,97767.4775
512,-2685.75,1.47653,-2904.11,-3291.852499,942.5195451,97767.46525
513,-2685.76,1.47272,-2904.12,-3291.860082,942.4163909,97767.453
514,-2685.76,1.46876,-2904.12,-3291.855231,942.3362778,97767.453
515,-2685.77,1.4647,-2904.13,-3291.862507,942.2546466,97767.44075
516,-2685.77,1.46061,-2904.13,-3291.857497,942.1853095,97767.44075
517,-2685.77,1.45656,-2904.13,-3291.852536,942.1265369,97767.44075
518,-2685.77,1.45265,-2904.13,-3291.847746,942.0782083,97767.44075
519,-2685.76,1.44894,-2904.12,-3291.830952,942.052501,97767.453
520,-2685.76,1.44551,-2904.12,-3291.82675,942.0248186,97767.453
521,-2685.75,1.44244,-2904.11,-3291.810739,942.0195632,97767.46525
522,-2685.74,1.4398,-2904.1,-3291.795255,942.0243994,97767.4775
523,-2685.73,1.43758,-2904.09,-3291.780285,942.0287341,97767.48975
524,-2685.72,1.43576,-2904.08,-3291.765806,942.0538022,97767.502
525,-2685.71,1.43432,-2904.07,-3291.751792,942.0784168,97767.51425
526,-2685.7,1.43327,-2904.06,-3291.738256,942.1025654,97767.5265
527,-2685.69,1.4326,-2904.05,-3291.725185,942.1474692,97767.53875
528,-2685.68,1.43231,-2904.04,-3291.71258,942.1919165,97767.551
529,-2685.67,1.4325,-2904.03,-3291.700563,942.2357842,97767.56325
530,-2685.66,1.43297,-2904.02,-3291.688888,942.289921,97767.5755
531,-2685.66,1.43372,-2904.02,-3291.689807,942.3208654,97767.5755
532,-2685.65,1.43472,-2904.01,-3291.678782,942.3743624,97767.58775
533,-2685.64,1.43596,-2904,-3291.668051,942.4381732,97767.6
534,-2685.64,1.43739,-2904,-3291.669803,942.478898,97767.6
535,-2685.63,1.43898,-2903.99,-3291.659501,942.5316769,97767.61225
536,-2685.63,1.44066,-2903.99,-3291.661559,942.5614903,97767.61225
537,-2685.63,1.44236,-2903.99,-3291.663641,942.601882,97767.61225
538,-2685.63,1.4441,-2903.99,-3291.665773,942.6316175,97767.61225
539,-2685.62,1.44584,-2903.99,-3291.655654,942.6735991,97767.61225
540,-2685.62,1.44757,-2903.99,-3291.657773,942.7033387,97767.61225
541,-2685.63,1.44925,-2903.99,-3291.672081,942.7102805,97767.61225
542,-2685.63,1.45086,-2903.99,-3291.674054,942.7295525,97767.61225
543,-2685.63,1.45235,-2903.99,-3291.675879,942.7383619,97767.61225
544,-2685.63,1.45382,-2903.99,-3291.67768,942.7471896,97767.61225
545,-2685.64,1.45495,-2904,-3291.691314,942.7441785,97767.6
546,-2685.64,1.45591,-2904,-3291.69249,942.7430153,97767.6
547,-2685.64,1.4567,-2904.01,-3291.693458,942.742055,97767.58775
548,-2685.65,1.45734,-2904.01,-3291.706492,942.7184184,97767.58775
549,-2685.65,1.45781,-2904.01,-3291.707067,942.707235,97767.58775
550,-2685.66,1.45813,-2904.02,-3291.719709,942.683981,97767.5755
551,-2685.66,1.45828,-2904.02,-3291.719893,942.6731812,97767.5755
552,-2685.66,1.45837,-2904.03,-3291.720003,942.6624512,97767.56325
553,-2685.67,1.45824,-2904.03,-3291.732094,942.6291329,97767.56325
554,-2685.67,1.4579,-2904.03,-3291.731678,942.6189242,97767.56325
555,-2685.68,1.45741,-2904.04,-3291.743327,942.5860429,97767.551
556,-2685.68,1.45681,-2904.04,-3291.742592,942.5655449,97767.551
557,-2685.68,1.45612,-2904.04,-3291.741747,942.545156,97767.551
558,-2685.68,1.45539,-2904.04,-3291.740853,942.5354206,97767.551
559,-2685.69,1.45463,-2904.05,-3291.752172,942.5028678,97767.53875
560,-2685.69,1.45384,-2904.05,-3291.751204,942.482602,97767.53875
561,-2685.69,1.45306,-2904.05,-3291.750248,942.47293,97767.53875
562,-2685.69,1.4523,-2904.05,-3291.749318,942.4632349,97767.53875
563,-2685.69,1.45156,-2904.05,-3291.748411,942.4535173,97767.53875
564,-2685.69,1.45086,-2904.05,-3291.747554,942.4437524,97767.53875
565,-2685.68,1.45018,-2904.04,-3291.73447,942.4462157,97767.551
566,-2685.68,1.44956,-2904.04,-3291.733711,942.4363575,97767.551
567,-2685.68,1.44898,-2904.04,-3291.733001,942.4370575,97767.551
568,-2685.68,1.44847,-2904.04,-3291.732376,942.4376745,97767.551
569,-2685.68,1.44804,-2904.04,-3291.731849,942.4381958,97767.551
570,-2685.68,1.44769,-2904.04,-3291.73142,942.4386212,97767.551
571,-2685.68,1.44743,-2904.04,-3291.731102,942.438939,97767.551
572,-2685.67,1.44725,-2904.03,-3291.718631,942.4514105,97767.56325
573,-2685.67,1.44714,-2904.03,-3291.718497,942.4621535,97767.56325
574,-2685.67,1.4471,-2904.03,-3291.718448,942.4622076,97767.56325
575,-2685.67,1.44711,-2904.03,-3291.71846,942.4728066,97767.56325
576,-2685.67,1.44719,-2904.03,-3291.718558,942.4833213,97767.56325
577,-2685.66,1.44733,-2904.02,-3291.706479,942.4954085,97767.5755
578,-2685.66,1.44752,-2904.02,-3291.706712,942.5057904,97767.5755
579,-2685.66,1.44774,-2904.02,-3291.706981,942.5161359,97767.5755
580,-2685.66,1.44801,-2904.02,-3291.707312,942.5158156,97767.5755
581,-2685.66,1.4483,-2904.02,-3291.707668,942.526076,97767.5755
582,-2685.66,1.44861,-2904.02,-3291.708047,942.5363115,97767.5755
583,-2685.66,1.44894,-2904.02,-3291.708452,942.5465225,97767.5755
584,-2685.66,1.44927,-2904.02,-3291.708856,942.546128,97767.5755
585,-2685.66,1.4496,-2904.02,-3291.70926,942.556338,97767.5755
586,-2685.66,1.44992,-2904.02,-3291.709652,942.5559545,97767.5755
587,-2685.66,1.45023,-2904.02,-3291.710032,942.5661872,97767.5755
588,-2685.66,1.45051,-2904.02,-3291.710375,942.5658506,97767.5755
589,-2685.66,1.45078,-2904.02,-3291.710706,942.5655256,97767.5755
590,-2685.66,1.45102,-2904.02,-3291.711,942.5652364,97767.5755
591,-2685.66,1.45124,-2904.02,-3291.711269,942.575575,97767.5755
592,-2685.66,1.45144,-2904.02,-3291.711514,942.5753327,97767.5755
593,-2685.66,1.45161,-2904.02,-3291.711722,942.5751258,97767.5755
594,-2685.66,1.45174,-2904.02,-3291.711881,942.5643621,97767.5755
595,-2685.66,1.45184,-2904.03,-3291.712004,942.564239,97767.56325
596,-2685.67,1.45191,-2904.03,-3291.72434,942.5519019,97767.56325
597,-2685.67,1.45194,-2904.03,-3291.724377,942.5518631,97767.56325
598,-2685.67,1.45194,-2904.03,-3291.724377,942.55186,97767.56325
599,-2685.67,1.45191,-2904.03,-3291.72434,942.5412887,97767.56325
600,-2685.67,1.45185,-2904.03,-3291.724266,942.5413584,97767.56325
601,-2685.67,1.45177,-2904.03,-3291.724168,942.5414521,97767.56325
602,-2685.67,1.45167,-2904.03,-3291.724046,942.5309654,97767.56325
603,-2685.67,1.45156,-2904.03,-3291.723911,942.5310954,97767.56325
604,-2685.67,1.45143,-2904.03,-3291.723752,942.5312499,97767.56325
605,-2685.67,1.45129,-2904.03,-3291.72358,942.5208119,97767.56325
606,-2685.67,1.45115,-2904.03,-3291.723409,942.520979,97767.56325
607,-2685.67,1.451,-2904.03,-3291.723225,942.5211584,97767.56325
608,-2685.67,1.45085,-2904.03,-3291.723041,942.5213381,97767.56325
609,-2685.67,1.45071,-2904.03,-3291.72287,942.5109011,97767.56325
610,-2685.67,1.45057,-2904.03,-3291.722698,942.5110692,97767.56325
611,-2685.67,1.45044,-2904.03,-3291.722539,942.5112258,97767.56325
612,-2685.67,1.45033,-2904.03,-3291.722404,942.5113578,97767.56325
613,-2685.67,1.45022,-2904.03,-3291.72227,942.5114905,97767.56325
614,-2685.67,1.45013,-2904.03,-3291.722159,942.5115994,97767.56325
615,-2685.67,1.45005,-2904.03,-3291.722061,942.5116964,97767.56325
616,-2685.67,1.44998,-2904.03,-3291.721976,942.5117815,97767.56325
617,-2685.67,1.44992,-2904.03,-3291.721902,942.5118547,97767.56325
618,-2685.67,1.44989,-2904.03,-3291.721865,942.5118917,97767.56325
619,-2685.67,1.44986,-2904.03,-3291.721829,942.5119292,97767.56325
620,-2685.67,1.44982,-2904.03,-3291.72178,942.5119792,97767.56325
621,-2685.67,1.44984,-2904.03,-3291.721804,942.5119557,97767.56325
622,-2685.67,1.44988,-2904.03,-3291.721853,942.5119084,97767.56325
623,-2685.67,1.44987,-2904.03,-3291.721841,942.5225271,97767.56325
624,-2685.67,1.44989,-2904.03,-3291.721865,942.5225043,97767.56325
625,-2685.67,1.44995,-2904.03,-3291.721939,942.5224328,97767.56325
626,-2685.67,1.45002,-2904.03,-3291.722025,942.5223491,97767.56325
627,-2685.67,1.4501,-2904.03,-3291.722123,942.5222531,97767.56325
628,-2685.67,1.45017,-2904.03,-3291.722208,942.5221694,97767.56325
629,-2685.67,1.45023,-2904.03,-3291.722282,942.5220976,97767.56325
630,-2685.67,1.45029,-2904.03,-3291.722355,942.5220261,97767.56325
631,-2685.67,1.45035,-2904.03,-3291.722429,942.5325591,97767.56325
632,-2685.67,1.4504,-2904.03,-3291.72249,942.5324992,97767.56325
633,-2685.67,1.45047,-2904.03,-3291.722576,942.5324151,97767.56325
634,-2685.67,1.45053,-2904.03,-3291.722649,942.5323426,97767.56325
635,-2685.67,1.45057,-2904.03,-3291.722698,942.5322947,97767.56325
636,-2685.67,1.4506,-2904.03,-3291.722735,942.5322589,97767.56325
637,-2685.67,1.45064,-2904.03,-3291.722784,942.5322106,97767.56325
638,-2685.67,1.45067,-2904.03,-3291.722821,942.5321742,97767.56325
639,-2685.67,1.45069,-2904.03,-3291.722845,942.53215,97767.56325
640,-2685.67,1.45072,-2904.03,-3291.722882,942.5321133,97767.56325
641,-2685.67,1.45074,-2904.03,-3291.722907,942.5320888,97767.56325
642,-2685.67,1.45075,-2904.03,-3291.722919,942.5320765,97767.56325
643,-2685.67,1.45076,-2904.03,-3291.722931,942.5320639,97767.56325
644,-2685.67,1.45077,-2904.03,-3291.722943,942.5320513,97767.56325
645,-2685.67,1.45077,-2904.03,-3291.722943,942.532051,97767.56325
646,-2685.67,1.45076,-2904.03,-3291.722931,942.5320626,97767.56325
647,-2685.67,1.45075,-2904.03,-3291.722919,942.5320742,97767.56325
648,-2685.67,1.45073,-2904.03,-3291.722894,942.532098,97767.56325
649,-2685.67,1.45072,-2904.03,-3291.722882,942.5321096,97767.56325
650,-2685.67,1.4507,-2904.03,-3291.722858,942.5215286,97767.56325
651,-2685.67,1.45068,-2904.03,-3291.722833,942.5215521,97767.56325
652,-2685.67,1.45066,-2904.03,-3291.722809,942.5215759,97767.56325
653,-2685.67,1.45063,-2904.03,-3291.722772,942.521612,97767.56325
654,-2685.67,1.45061,-2904.03,-3291.722747,942.5216358,97767.56325
655,-2685.67,1.45058,-2904.03,-3291.722711,942.5216719,97767.56325
656,-2685.67,1.45055,-2904.03,-3291.722674,942.521708,97767.56325
657,-2685.67,1.45052,-2904.03,-3291.722637,942.521744,97767.56325
658,-2685.67,1.45049,-2904.03,-3291.7226,942.5217801,97767.56325
659,-2685.67,1.45047,-2904.03,-3291.722576,942.5218043,97767.56325
660,-2685.67,1.45045,-2904.03,-3291.722551,942.5218284,97767.56325
661,-2685.67,1.45045,-2904.03,-3291.722551,942.5218281,97767.56325
662,-2685.67,1.45042,-2904.03,-3291.722515,942.5218645,97767.56325
663,-2685.67,1.45039,-2904.03,-3291.722478,942.5219009,97767.56325
664,-2685.67,1.45038,-2904.03,-3291.722466,942.5219132,97767.56325
665,-2685.67,1.45038,-2904.03,-3291.722466,942.5219128,97767.56325
666,-2685.67,1.45037,-2904.03,-3291.722453,942.5219251,97767.56325
667,-2685.67,1.45036,-2904.03,-3291.722441,942.5219373,97767.56325
668,-2685.67,1.45036,-2904.03,-3291.722441,942.5219377,97767.56325
669,-2685.67,1.45037,-2904.03,-3291.722453,942.5219254,97767.56325
670,-2685.67,1.45037,-2904.03,-3291.722453,942.5219258,97767.56325
671,-2685.67,1.45037,-2904.03,-3291.722453,942.5219258,97767.56325
672,-2685.67,1.45037,-2904.03,-3291.722453,942.5219261,97767.56325
673,-2685.67,1.45037,-2904.03,-3291.722453,942.5219264,97767.56325
674,-2685.67,1.45037,-2904.03,-3291.722453,942.5219268,97767.56325
675,-2685.67,1.45038,-2904.03,-3291.722466,942.5219149,97767.56325
676,-2685.67,1.45038,-2904.03,-3291.722466,942.5219152,97767.56325
677,-2685.67,1.45041,-2904.03,-3291.722502,942.5218788,97767.56325
678,-2685.67,1.45041,-2904.03,-3291.722502,942.5218788,97767.56325
679,-2685.67,1.45041,-2904.03,-3291.722502,942.5218791,97767.56325
680,-2685.67,1.45044,-2904.03,-3291.722539,942.5218427,97767.56325
681,-2685.67,1.45044,-2904.03,-3291.722539,942.5218431,97767.56325
682,-2685.67,1.45044,-2904.03,-3291.722539,942.5218434,97767.56325
683,-2685.67,1.45048,-2904.03,-3291.722588,942.5217947,97767.56325
684,-2685.67,1.45048,-2904.03,-3291.722588,942.5217947,97767.56325
685,-2685.67,1.45048,-2904.03,-3291.722588,942.5217951,97767.56325
686,-2685.67,1.45052,-2904.03,-3291.722637,942.5217461,97767.56325
687,-2685.67,1.45052,-2904.03,-3291.722637,942.5217464,97767.56325
688,-2685.67,1.45052,-2904.03,-3291.722637,942.5217464,97767.56325
689,-2685.67,1.45052,-2904.03,-3291.722637,942.5217464,97767.56325
690,-2685.67,1.45053,-2904.03,-3291.722649,942.5217345,97767.56325
691,-2685.67,1.45053,-2904.03,-3291.722649,942.5217345,97767.56325
692,-2685.67,1.45053,-2904.03,-3291.722649,942.5217345,97767.56325
693,-2685.67,1.45053,-2904.03,-3291.722649,942.5217345,97767.56325
694,-2685.67,1.45053,-2904.03,-3291.722649,942.5217345,97767.56325
695,-2685.67,1.45053,-2904.03,-3291.722649,942.5217345,97767.56325
696,-2685.67,1.45053,-2904.03,-3291.722649,942.5217345,97767.56325
697,-2685.67,1.45053,-2904.03,-3291.722649,942.5217345,97767.56325
698,-2685.67,1.45053,-2904.03,-3291.722649,942.5217342,97767.56325
699,-2685.67,1.45053,-2904.03,-3291.722649,942.5217342,97767.56325
700,-2685.67,1.45053,-2904.03,-3291.722649,942.5217342,97767.56325
701,-2685.67,1.45052,-2904.03,-3291.722637,942.5217464,97767.56325
702,-2685.67,1.45052,-2904.03,-3291.722637,942.5217464,97767.56325
703,-2685.67,1.45052,-2904.03,-3291.722637,942.5217464,97767.56325
704,-2685.67,1.45052,-2904.03,-3291.722637,942.5217464,97767.56325
705,-2685.67,1.45052,-2904.03,-3291.722637,942.5217464,97767.56325
706,-2685.67,1.45052,-2904.03,-3291.722637,942.5217464,97767.56325
707,-2685.67,1.45052,-2904.03,-3291.722637,942.5217464,97767.56325
708,-2685.67,1.45052,-2904.03,-3291.722637,942.5217464,97767.56325
709,-2685.67,1.45052,-2904.03,-3291.722637,942.5217464,97767.56325
710,-2685.67,1.4505,-2904.03,-3291.722613,942.5217709,97767.56325
711,-2685.67,1.4505,-2904.03,-3291.722613,942.5217709,97767.56325
712,-2685.67,1.4505,-2904.03,-3291.722613,942.5217709,97767.56325
713,-2685.67,1.4505,-2904.03,-3291.722613,942.5217706,97767.56325
714,-2685.67,1.4505,-2904.03,-3291.722613,942.5217706,97767.56325
715,-2685.67,1.4505,-2904.03,-3291.722613,942.5217706,97767.56325
716,-2685.67,1.4505,-2904.03,-3291.722613,942.5217706,97767.56325
717,-2685.67,1.4505,-2904.03,-3291.722613,942.5217706,97767.56325
718,-2685.67,1.4505,-2904.03,-3291.722613,942.5217706,97767.56325
719,-2685.67,1.4505,-2904.03,-3291.722613,942.5217702,97767.56325
720,-2685.67,1.45051,-2904.03,-3291.722625,942.521758,97767.56325
721,-2685.67,1.45051,-2904.03,-3291.722625,942.521758,97767.56325
722,-2685.67,1.45051,-2904.03,-3291.722625,942.521758,97767.56325
723,-2685.67,1.45051,-2904.03,-3291.722625,942.5217576,97767.56325
724,-2685.67,1.45051,-2904.03,-3291.722625,942.5217576,97767.56325
725,-2685.67,1.45051,-2904.03,-3291.722625,942.5217576,97767.56325
726,-2685.67,1.45051,-2904.03,-3291.722625,942.5217576,97767.56325
727,-2685.67,1.45051,-2904.03,-3291.722625,942.5217573,97767.56325
728,-2685.67,1.45051,-2904.03,-3291.722625,942.5217573,97767.56325
729,-2685.67,1.45051,-2904.03,-3291.722625,942.5217573,97767.56325
730,-2685.67,1.45051,-2904.03,-3291.722625,942.5217573,97767.56325
