time,field,initial_residual,final_residual,linear_iterations
1,Ux,1,0.0613769,5
1,Uy,1,0.0288544,5
1,p,1,0.0090366,7
1,omega,0.293,0.0129821,1
1,k,1,0.00860225,2
2,Ux,0.276809,0.00102783,2
2,Uy,0.351983,0.0221655,1
2,p,0.426128,0.00203857,8
2,omega,0.196128,0.0180363,1
2,k,0.38361,0.00909205,2
3,Ux,0.352988,0.0120527,2
3,Uy,0.310915,0.00885214,2
3,p,0.373484,0.00285432,7
3,omega,0.170365,0.00281665,2
3,k,0.346981,0.00947817,2
4,Ux,0.323775,0.0118959,2
4,Uy,0.248784,0.00590466,2
4,p,0.248931,0.00155334,7
4,omega,0.158704,0.00248873,2
4,k,0.338617,0.00822649,2
5,Ux,0.249052,0.00901629,2
5,Uy,0.188505,0.00438061,2
5,p,0.253926,0.00218137,6
5,omega,0.174388,0.00304564,2
5,k,0.351199,0.00609621,2
6,Ux,0.230659,0.00639759,2
6,Uy,0.194849,0.00440396,2
6,p,0.305991,0.00300363,6
6,omega,0.18097,0.0162378,1
6,k,0.340566,0.0334597,1
7,Ux,0.156088,0.00378704,2
7,Uy,0.191187,0.00349435,2
7,p,0.306327,0.00264501,7
7,omega,0.156299,0.00971974,1
7,k,0.264161,0.0164018,1
8,Ux,0.171541,0.0144625,1
8,Uy,0.213638,0.01899,1
8,p,0.424358,0.00398747,7
8,omega,0.14874,0.00940785,1
8,k,0.238938,0.0177597,1
9,Ux,0.169009,0.0140409,1
9,Uy,0.259214,0.0166819,1
9,p,0.324952,0.0016698,7
9,omega,0.12272,0.00847798,1
9,k,0.187171,0.0126618,1
10,Ux,0.185191,0.017184,1
10,Uy,0.244013,0.020812,1
10,p,0.221898,0.00094523,6
10,omega,0.114309,0.00654438,1
10,k,0.149102,0.00888475,1
11,Ux,0.200291,0.0149152,1
11,Uy,0.232545,0.0200984,1
11,p,0.18617,0.000718626,7
11,omega,0.0946698,0.00561164,1
11,k,0.138342,0.00893485,1
12,Ux,0.201084,0.0199064,1
12,Uy,0.200951,0.0180445,1
12,p,0.185962,0.00161338,6
12,omega,0.0835254,0.0062549,1
12,k,0.124967,0.0084212,1
13,Ux,0.190087,0.00327731,2
13,Uy,0.16932,0.0022332,2
13,p,0.21664,0.00160985,6
13,omega,0.0960056,0.00705571,1
13,k,0.130814,0.00880619,1
14,Ux,0.224255,0.0206384,1
14,Uy,0.19181,0.0138904,1
14,p,0.303542,0.0018799,6
14,omega,0.121775,0.0068921,1
14,k,0.131927,0.00975922,1
15,Ux,0.191178,0.0021344,2
15,Uy,0.178496,0.0026068,2
15,p,0.303591,0.00202687,5
15,omega,0.115998,0.0097471,1
15,k,0.129967,0.0102593,1
16,Ux,0.201114,0.00202967,2
16,Uy,0.211887,0.00291577,2
16,p,0.337414,0.00181485,6
16,omega,0.104227,0.0096759,1
16,k,0.117588,0.0116256,1
17,Ux,0.181701,0.0170876,1
17,Uy,0.18261,0.00299375,2
17,p,0.363072,0.00176182,6
17,omega,0.0917749,0.000936958,2
17,k,0.111573,0.00153458,2
18,Ux,0.159975,0.00259746,2
18,Uy,0.168212,0.00394525,2
18,p,0.428077,0.00246224,6
18,omega,0.0787738,0.00757832,1
18,k,0.106568,0.0016867,2
19,Ux,0.145589,0.00274648,2
19,Uy,0.150941,0.00402008,2
19,p,0.430223,0.00216041,5
19,omega,0.0746379,0.0067304,1
19,k,0.10387,0.00182537,2
20,Ux,0.123841,0.00276916,2
20,Uy,0.133778,0.00380163,2
20,p,0.4108,0.00185908,5
20,omega,0.0687974,0.0062484,1
20,k,0.107936,0.00189558,2
21,Ux,0.109469,0.00271497,2
21,Uy,0.133732,0.00369574,2
21,p,0.370906,0.00280403,5
21,omega,0.0703301,0.00630228,1
21,k,0.108806,0.00192459,2
22,Ux,0.100486,0.00299217,2
22,Uy,0.15085,0.00464672,2
22,p,0.308898,0.00156358,5
22,omega,0.0696598,0.00632365,1
22,k,0.114019,0.00195333,2
23,Ux,0.111962,0.0030943,2
23,Uy,0.162119,0.00461164,2
23,p,0.367554,0.00197226,5
23,omega,0.0682716,0.00638725,1
23,k,0.106987,0.00176991,2
24,Ux,0.110738,0.00298938,2
24,Uy,0.149354,0.00465502,2
24,p,0.373279,0.00235191,5
24,omega,0.0654605,0.0062518,1
24,k,0.102453,0.00158746,2
25,Ux,0.110327,0.00310535,2
25,Uy,0.133318,0.00457323,2
25,p,0.377883,0.00368224,4
25,omega,0.0614387,0.00572873,1
25,k,0.0933174,0.00145945,2
26,Ux,0.105313,0.0031291,2
26,Uy,0.12817,0.00416118,2
26,p,0.38459,0.00334792,4
26,omega,0.0628308,0.00544112,1
26,k,0.0988697,0.00155681,2
27,Ux,0.100323,0.00304862,2
27,Uy,0.12645,0.00370393,2
27,p,0.364947,0.00298071,4
27,omega,0.0619705,0.00530763,1
27,k,0.099636,0.00164362,2
28,Ux,0.0931796,0.00285267,2
28,Uy,0.117975,0.00333925,2
28,p,0.311635,0.00249037,4
28,omega,0.0553837,0.00511336,1
28,k,0.0928225,0.00168121,2
29,Ux,0.092337,0.00279342,2
29,Uy,0.123573,0.00351027,2
29,p,0.296679,0.00266543,4
29,omega,0.0507823,0.00498012,1
29,k,0.0895087,0.00163277,2
30,Ux,0.0898621,0.00270808,2
30,Uy,0.120254,0.00348422,2
30,p,0.295386,0.00166341,5
30,omega,0.0483987,0.000738288,2
30,k,0.0833821,0.00151236,2
31,Ux,0.0874094,0.00277879,2
31,Uy,0.111601,0.00330131,2
31,p,0.285755,0.00163,5
31,omega,0.048277,0.000753349,2
31,k,0.0778433,0.00133923,2
32,Ux,0.0859652,0.00282607,2
32,Uy,0.103135,0.00295792,2
32,p,0.284671,0.00165838,5
32,omega,0.0474179,0.000759456,2
32,k,0.0731988,0.00122044,2
33,Ux,0.0846539,0.00281448,2
33,Uy,0.0972462,0.00281755,2
33,p,0.276757,0.00152514,5
33,omega,0.0464681,0.00076897,2
33,k,0.0692187,0.00130631,2
34,Ux,0.0820103,0.00273139,2
34,Uy,0.0955393,0.00304964,2
34,p,0.257806,0.00118846,5
34,omega,0.0459633,0.000753528,2
34,k,0.0691626,0.00144562,2
35,Ux,0.0803299,0.0026114,2
35,Uy,0.104299,0.00353005,2
35,p,0.240695,0.00226913,4
35,omega,0.0467996,0.000721634,2
35,k,0.0735151,0.00155824,2
36,Ux,0.0778261,0.00248054,2
36,Uy,0.115881,0.00407887,2
36,p,0.243531,0.00101022,5
36,omega,0.0459022,0.000671585,2
36,k,0.0754628,0.00162439,2
37,Ux,0.0755605,0.00234033,2
37,Uy,0.122904,0.00445722,2
37,p,0.261286,0.00139989,5
37,omega,0.0440557,0.000639395,2
37,k,0.0748141,0.00167805,2
38,Ux,0.0734947,0.00224158,2
38,Uy,0.125531,0.00461957,2
38,p,0.277921,0.00150618,5
38,omega,0.0422462,0.000615947,2
38,k,0.0743997,0.00170943,2
39,Ux,0.07309,0.00219418,2
39,Uy,0.1248,0.0046432,2
39,p,0.287327,0.0012875,5
39,omega,0.0419046,0.00059552,2
39,k,0.0744558,0.0017235,2
40,Ux,0.0726142,0.00219205,2
40,Uy,0.124881,0.00458092,2
40,p,0.283151,0.0013119,5
40,omega,0.0426303,0.000594729,2
40,k,0.0754773,0.00175074,2
41,Ux,0.0720273,0.00220035,2
41,Uy,0.126905,0.00458922,2
41,p,0.269027,0.00246496,4
41,omega,0.0430024,0.000592062,2
41,k,0.0747251,0.00179361,2
42,Ux,0.0714356,0.00225833,2
42,Uy,0.127829,0.00466669,2
42,p,0.258995,0.00171626,4
42,omega,0.0419266,0.000593589,2
42,k,0.0734656,0.00181363,2
43,Ux,0.0711038,0.00231181,2
43,Uy,0.12853,0.00487344,2
43,p,0.260673,0.0018996,4
43,omega,0.0406303,0.000594677,2
43,k,0.0714273,0.00181784,2
44,Ux,0.0708431,0.00233919,2
44,Uy,0.127315,0.00510934,2
44,p,0.266243,0.00132919,5
44,omega,0.0391729,0.000601049,2
44,k,0.0699777,0.00181224,2
45,Ux,0.0699133,0.00234207,2
45,Uy,0.125528,0.0052508,2
45,p,0.262965,0.00134162,5
45,omega,0.037392,0.000623461,2
45,k,0.0677977,0.00180677,2
46,Ux,0.0690532,0.00235239,2
46,Uy,0.124585,0.00536911,2
46,p,0.253243,0.00121928,5
46,omega,0.0355204,0.000648738,2
46,k,0.0657749,0.00180358,2
47,Ux,0.0680361,0.00237448,2
47,Uy,0.125796,0.00553982,2
47,p,0.239851,0.00212566,4
47,omega,0.0339292,0.000674467,2
47,k,0.0631523,0.00180267,2
48,Ux,0.0672786,0.00241872,2
48,Uy,0.128012,0.00575433,2
48,p,0.22688,0.00148681,4
48,omega,0.0317812,0.000694144,2
48,k,0.0604719,0.00180131,2
49,Ux,0.0661465,0.00245761,2
49,Uy,0.129723,0.0058899,2
49,p,0.219762,0.00142693,4
49,omega,0.0299063,0.000711108,2
49,k,0.0578442,0.00180759,2
50,Ux,0.0648196,0.00247413,2
50,Uy,0.129499,0.00593769,2
50,p,0.223188,0.00199261,4
50,omega,0.0284989,0.000722553,2
50,k,0.0555638,0.0018218,2
51,Ux,0.0632844,0.0024743,2
51,Uy,0.128286,0.00591618,2
51,p,0.231219,0.000999528,5
51,omega,0.0274199,0.000732598,2
51,k,0.0538129,0.00184085,2
52,Ux,0.0615196,0.00245869,2
52,Uy,0.126581,0.00587899,2
52,p,0.24033,0.00106234,5
52,omega,0.0265095,0.00074144,2
52,k,0.0523645,0.00186733,2
53,Ux,0.0597619,0.00243905,2
53,Uy,0.124914,0.00589795,2
53,p,0.244485,0.000995383,5
53,omega,0.0256112,0.000747274,2
53,k,0.0509948,0.00189624,2
54,Ux,0.0579415,0.00240922,2
54,Uy,0.123568,0.00595339,2
54,p,0.240212,0.000843394,5
54,omega,0.0249094,0.000751317,2
54,k,0.0501886,0.00193001,2
55,Ux,0.0560057,0.00237839,2
55,Uy,0.122686,0.0060411,2
55,p,0.229568,0.000734036,5
55,omega,0.0242932,0.000750979,2
55,k,0.0492091,0.00196263,2
56,Ux,0.0541777,0.00234051,2
56,Uy,0.122312,0.0061039,2
56,p,0.221508,0.00208658,4
56,omega,0.0236459,0.000742619,2
56,k,0.0484692,0.00198701,2
57,Ux,0.0524748,0.0023161,2
57,Uy,0.121498,0.00611931,2
57,p,0.219699,0.00166543,4
57,omega,0.022997,0.000722429,2
57,k,0.0477136,0.002003,2
58,Ux,0.0509126,0.00228828,2
58,Uy,0.11946,0.00604367,2
58,p,0.21957,0.00153499,4
58,omega,0.0222733,0.000693147,2
58,k,0.0469573,0.00200804,2
59,Ux,0.0496604,0.00226716,2
59,Uy,0.117043,0.00591941,2
59,p,0.217981,0.00153408,4
59,omega,0.0214614,0.000661339,2
59,k,0.0463092,0.00200546,2
60,Ux,0.0485341,0.00224438,2
60,Uy,0.114565,0.00579738,2
60,p,0.212365,0.00157308,4
60,omega,0.0206875,0.000630347,2
60,k,0.0455835,0.00199461,2
61,Ux,0.0475906,0.00222328,2
61,Uy,0.112281,0.00568363,2
61,p,0.206739,0.00156423,4
61,omega,0.0198933,0.000600675,2
61,k,0.0450211,0.00198225,2
62,Ux,0.0468252,0.00220279,2
62,Uy,0.109966,0.00558918,2
62,p,0.200312,0.00151009,4
62,omega,0.0192988,0.000573199,2
62,k,0.0445603,0.00197209,2
63,Ux,0.0462936,0.0021853,2
63,Uy,0.107852,0.00552589,2
63,p,0.19418,0.00140496,4
63,omega,0.0187404,0.000547701,2
63,k,0.0441966,0.00196535,2
64,Ux,0.0457932,0.00217059,2
64,Uy,0.106104,0.00549257,2
64,p,0.189108,0.00129906,4
64,omega,0.0182425,0.000523921,2
64,k,0.0438587,0.00196041,2
65,Ux,0.0454377,0.00215568,2
65,Uy,0.104658,0.00548144,2
65,p,0.187446,0.00122828,4
65,omega,0.0177699,0.000502588,2
65,k,0.0435857,0.00195735,2
66,Ux,0.0450659,0.00214014,2
66,Uy,0.103761,0.0054798,2
66,p,0.187753,0.00117741,4
66,omega,0.0172976,0.000482229,2
66,k,0.0434155,0.00195527,2
67,Ux,0.0446591,0.0021259,2
67,Uy,0.103104,0.00546984,2
67,p,0.188685,0.00114676,4
67,omega,0.0167489,0.000463628,2
67,k,0.0432829,0.00195422,2
68,Ux,0.0442195,0.00211285,2
68,Uy,0.10254,0.00544456,2
68,p,0.188778,0.0012128,4
68,omega,0.016299,0.000446554,2
68,k,0.0431711,0.00195358,2
69,Ux,0.0438393,0.00209987,2
69,Uy,0.101738,0.00539861,2
69,p,0.189758,0.00132773,4
69,omega,0.0158513,0.000430971,2
69,k,0.0430255,0.00195342,2
70,Ux,0.0434896,0.00208494,2
70,Uy,0.100685,0.00534267,2
70,p,0.189766,0.00153123,4
70,omega,0.0154249,0.000416326,2
70,k,0.0429301,0.00195369,2
71,Ux,0.0430748,0.00206677,2
71,Uy,0.0994036,0.00527877,2
71,p,0.189208,0.00174452,4
71,omega,0.0150182,0.000403356,2
71,k,0.0428823,0.00195458,2
72,Ux,0.0426454,0.00204576,2
72,Uy,0.098185,0.00522324,2
72,p,0.187727,0.000888368,5
72,omega,0.0146987,0.000392774,2
72,k,0.0428268,0.00195721,2
73,Ux,0.042184,0.00201765,2
73,Uy,0.0970188,0.00517806,2
73,p,0.185662,0.000943828,5
73,omega,0.0143616,0.000381476,2
73,k,0.042792,0.00195984,2
74,Ux,0.0417251,0.00199085,2
74,Uy,0.0960491,0.00514573,2
74,p,0.184521,0.000940088,5
74,omega,0.0140274,0.000371087,2
74,k,0.0427602,0.00196209,2
75,Ux,0.0412586,0.00196661,2
75,Uy,0.0954648,0.00512628,2
75,p,0.184888,0.000921263,5
75,omega,0.0137636,0.000361393,2
75,k,0.0427205,0.00196401,2
76,Ux,0.0407492,0.00194136,2
76,Uy,0.0952301,0.00511343,2
76,p,0.185166,0.0018211,4
76,omega,0.0135106,0.000352497,2
76,k,0.0426754,0.00196587,2
77,Ux,0.0403356,0.00191628,2
77,Uy,0.0950709,0.00509436,2
77,p,0.184534,0.00177506,4
77,omega,0.013217,0.000343115,2
77,k,0.0426002,0.00196535,2
78,Ux,0.0399346,0.00189119,2
78,Uy,0.0946582,0.00506381,2
78,p,0.184269,0.00175778,4
78,omega,0.0128521,0.000333991,2
78,k,0.0424875,0.00196309,2
79,Ux,0.0395039,0.0018647,2
79,Uy,0.0940478,0.00502004,2
79,p,0.185211,0.00166171,4
79,omega,0.0125832,0.000325823,2
79,k,0.0423998,0.00195984,2
80,Ux,0.0389669,0.00183773,2
80,Uy,0.0931235,0.00495642,2
80,p,0.187154,0.00155009,4
80,omega,0.0123455,0.000318321,2
80,k,0.0422442,0.00195517,2
81,Ux,0.0384991,0.00180999,2
81,Uy,0.0921729,0.00489509,2
81,p,0.187702,0.00153715,4
81,omega,0.012011,0.000310267,2
81,k,0.0421047,0.00194954,2
82,Ux,0.0380217,0.00177752,2
82,Uy,0.0911186,0.00483302,2
82,p,0.188211,0.00148341,4
82,omega,0.0117959,0.000302453,2
82,k,0.0420066,0.00194278,2
83,Ux,0.0374789,0.00174443,2
83,Uy,0.0901273,0.00477606,2
83,p,0.188624,0.00142822,4
83,omega,0.0116183,0.000295404,2
83,k,0.0418036,0.00193506,2
84,Ux,0.0370526,0.0017134,2
84,Uy,0.0893851,0.00472959,2
84,p,0.191096,0.00137882,4
84,omega,0.0114351,0.000288533,2
84,k,0.0416149,0.00192531,2
85,Ux,0.0365669,0.00167913,2
85,Uy,0.0886903,0.00468974,2
85,p,0.192442,0.00132983,4
85,omega,0.0111307,0.000280939,2
85,k,0.0414573,0.00191462,2
86,Ux,0.0359357,0.00164313,2
86,Uy,0.0881134,0.00465563,2
86,p,0.192755,0.00128791,4
86,omega,0.0108512,0.000272645,2
86,k,0.0412168,0.00190192,2
87,Ux,0.0352756,0.00161026,2
87,Uy,0.0879372,0.00462684,2
87,p,0.190447,0.00127099,4
87,omega,0.0106479,0.000264765,2
87,k,0.0408861,0.00188742,2
88,Ux,0.0346289,0.00157422,2
88,Uy,0.0875916,0.00459312,2
88,p,0.191681,0.00128787,4
88,omega,0.0103212,0.00025642,2
88,k,0.0404998,0.00187277,2
89,Ux,0.0338759,0.00153633,2
89,Uy,0.0870335,0.00455307,2
89,p,0.193825,0.00133052,4
89,omega,0.00994292,0.000248033,2
89,k,0.0401578,0.00185665,2
90,Ux,0.0331309,0.0014987,2
90,Uy,0.0866065,0.00449613,2
90,p,0.191733,0.00134921,4
90,omega,0.00972995,0.000239653,2
90,k,0.0398297,0.00183939,2
91,Ux,0.0323954,0.00146061,2
91,Uy,0.0856942,0.0044228,2
91,p,0.187859,0.00138156,4
91,omega,0.0095123,0.000231458,2
91,k,0.0394634,0.00182076,2
92,Ux,0.03169,0.00142283,2
92,Uy,0.0844509,0.00433358,2
92,p,0.183777,0.00143991,4
92,omega,0.00931176,0.000223057,2
92,k,0.039086,0.0018008,2
93,Ux,0.0310313,0.00138453,2
93,Uy,0.0827967,0.00422444,2
93,p,0.180589,0.00153679,4
93,omega,0.00907056,0.000214658,2
93,k,0.0387535,0.00177945,2
94,Ux,0.0304328,0.00134549,2
94,Uy,0.0810934,0.00409881,2
94,p,0.175085,0.0015835,4
94,omega,0.00877061,0.000205874,2
94,k,0.0384262,0.00175752,2
95,Ux,0.0298358,0.00130747,2
95,Uy,0.0792915,0.0039607,2
95,p,0.170635,0.00161837,4
95,omega,0.00846588,0.000196994,2
95,k,0.0380571,0.00173597,2
96,Ux,0.0292181,0.00126997,2
96,Uy,0.0774797,0.00381973,2
96,p,0.168955,0.00160078,4
96,omega,0.00814587,0.000188124,2
96,k,0.0376904,0.00171422,2
97,Ux,0.0285707,0.0012299,2
97,Uy,0.0757686,0.00367188,2
97,p,0.170988,0.00153807,4
97,omega,0.00782647,0.000179459,2
97,k,0.0373095,0.00169084,2
98,Ux,0.0278345,0.00118624,2
98,Uy,0.0739219,0.0035245,2
98,p,0.173961,0.00147238,4
98,omega,0.00752983,0.000171579,2
98,k,0.0368453,0.00166707,2
99,Ux,0.0270347,0.00113851,2
99,Uy,0.0720795,0.00338172,2
99,p,0.17588,0.00141734,4
99,omega,0.00726639,0.000164188,2
99,k,0.0363473,0.00164202,2
100,Ux,0.0260994,0.00108666,2
100,Uy,0.0700294,0.00325278,2
100,p,0.176923,0.00138085,4
100,omega,0.00703614,0.000156603,2
100,k,0.0358119,0.00161672,2
101,Ux,0.0250482,0.00103081,2
101,Uy,0.0680837,0.0031418,2
101,p,0.177967,0.00131405,4
101,omega,0.00678004,0.000148845,2
101,k,0.0352823,0.0015922,2
102,Ux,0.0239129,0.000971951,2
102,Uy,0.0663509,0.00305174,2
102,p,0.177585,0.00130978,4
102,omega,0.00658531,0.000141134,2
102,k,0.0348326,0.00156803,2
103,Ux,0.0227653,0.000913618,2
103,Uy,0.0646839,0.00297848,2
103,p,0.176236,0.00135219,4
103,omega,0.00642449,0.000133673,2
103,k,0.0344131,0.00154259,2
104,Ux,0.0216402,0.000855975,2
104,Uy,0.0630795,0.00291966,2
104,p,0.173491,0.00135333,4
104,omega,0.00623831,0.000126023,2
104,k,0.0340845,0.00151426,2
105,Ux,0.0204908,0.000799959,2
105,Uy,0.0619528,0.00287089,2
105,p,0.168588,0.00132311,4
105,omega,0.00597554,0.000118367,2
105,k,0.0337588,0.00148285,2
106,Ux,0.0193502,0.000745417,2
106,Uy,0.0612345,0.00282866,2
106,p,0.162829,0.0013472,4
106,omega,0.00575056,0.000110895,2
106,k,0.0333529,0.00144665,2
107,Ux,0.0182423,0.000692839,2
107,Uy,0.0606338,0.00278784,2
107,p,0.155669,0.00146829,4
107,omega,0.00549271,0.000103797,2
107,k,0.0328669,0.00140551,2
108,Ux,0.0171558,0.000641772,2
108,Uy,0.060075,0.00273875,2
108,p,0.149961,0.00146855,4
108,omega,0.00524012,9.69549e-05,2
108,k,0.0322336,0.00135829,2
109,Ux,0.0161466,0.000593208,2
109,Uy,0.0593947,0.00267617,2
109,p,0.145555,0.00140826,4
109,omega,0.00500172,9.02072e-05,2
109,k,0.0315633,0.00130393,2
110,Ux,0.0152051,0.000549629,2
110,Uy,0.0584509,0.00259927,2
110,p,0.142274,0.00122139,4
110,omega,0.00474857,8.34896e-05,2
110,k,0.0307857,0.00124196,2
111,Ux,0.014302,0.000510087,2
111,Uy,0.0575082,0.00251226,2
111,p,0.137988,0.0010429,4
111,omega,0.00450678,7.72169e-05,2
111,k,0.0298985,0.00117204,2
112,Ux,0.013463,0.000475503,2
112,Uy,0.0565623,0.00241844,2
112,p,0.13341,0.000912678,4
112,omega,0.00429079,7.1429e-05,2
112,k,0.028827,0.0010945,2
113,Ux,0.0127287,0.000444392,2
113,Uy,0.0555861,0.0023122,2
113,p,0.127135,0.000869231,4
113,omega,0.00409255,6.68414e-05,2
113,k,0.0276202,0.00101003,2
114,Ux,0.0120401,0.000416137,2
114,Uy,0.054657,0.00219019,2
114,p,0.120714,0.000913542,4
114,omega,0.00391356,6.30759e-05,2
114,k,0.0262048,0.000921598,2
115,Ux,0.0113947,0.000391243,2
115,Uy,0.0533961,0.00205454,2
115,p,0.113751,0.000978055,4
115,omega,0.00374405,5.96351e-05,2
115,k,0.0245953,0.00083358,2
116,Ux,0.0107935,0.000366411,2
116,Uy,0.051655,0.00191458,2
116,p,0.106055,0.00101908,4
116,omega,0.00362489,5.6442e-05,2
116,k,0.0228858,0.000749633,2
117,Ux,0.0102231,0.000341113,2
117,Uy,0.049503,0.00178449,2
117,p,0.0995761,0.000468917,5
117,omega,0.00351325,5.3338e-05,2
117,k,0.0211108,0.000673824,2
118,Ux,0.0096509,0.000316646,2
118,Uy,0.0470758,0.00167784,2
118,p,0.0935898,0.000476224,5
118,omega,0.00339739,5.03967e-05,2
118,k,0.0193883,0.000608638,2
119,Ux,0.0091184,0.000293188,2
119,Uy,0.0445872,0.00159624,2
119,p,0.0875196,0.000497755,5
119,omega,0.00328713,4.75221e-05,2
119,k,0.0178219,0.000554658,2
120,Ux,0.00863357,0.000271846,2
120,Uy,0.0422356,0.00153805,2
120,p,0.0819401,0.000521502,5
120,omega,0.00316886,4.48441e-05,2
120,k,0.0164686,0.000511294,2
121,Ux,0.0081585,0.000252001,2
121,Uy,0.0404874,0.00149538,2
121,p,0.0770188,0.00052367,5
121,omega,0.00305221,4.23273e-05,2
121,k,0.0152928,0.000476717,2
122,Ux,0.00769362,0.000234428,2
122,Uy,0.0392126,0.00145062,2
122,p,0.0735891,0.000515531,5
122,omega,0.00294623,4.00094e-05,2
122,k,0.0143328,0.00044952,2
123,Ux,0.00724825,0.000218312,2
123,Uy,0.037918,0.00139685,2
123,p,0.0710605,0.000456871,5
123,omega,0.00284825,3.7897e-05,2
123,k,0.0135258,0.000427859,2
124,Ux,0.00681547,0.00020389,2
124,Uy,0.0366438,0.0013378,2
124,p,0.0689722,0.000361848,5
124,omega,0.00275062,3.59463e-05,2
124,k,0.0128827,0.000410351,2
125,Ux,0.00641755,0.000191143,2
125,Uy,0.0355719,0.00127772,2
125,p,0.0668703,0.000651847,4
125,omega,0.00265752,3.41365e-05,2
125,k,0.0123416,0.000394008,2
126,Ux,0.00605221,0.00018,2
126,Uy,0.0344499,0.00121814,2
126,p,0.0648931,0.000532205,4
126,omega,0.00256869,3.24993e-05,2
126,k,0.0118868,0.000376888,2
127,Ux,0.00574042,0.000170127,2
127,Uy,0.0333411,0.00115985,2
127,p,0.0627367,0.000471829,4
127,omega,0.00248348,3.09533e-05,2
127,k,0.0114896,0.000360287,2
128,Ux,0.00546952,0.000161538,2
128,Uy,0.0322163,0.0011003,2
128,p,0.0602774,0.000473216,4
128,omega,0.00240201,0.000239942,1
128,k,0.011103,0.000344355,2
129,Ux,0.00521765,0.000153759,2
129,Uy,0.0311588,0.00104006,2
129,p,0.0577662,0.00050143,4
129,omega,0.00237102,0.000236736,1
129,k,0.0107126,0.000329014,2
130,Ux,0.00498895,0.000146824,2
130,Uy,0.0300896,0.000976001,2
130,p,0.0548996,0.000528804,4
130,omega,0.00233176,0.00023218,1
130,k,0.0103243,0.000315131,2
131,Ux,0.00479444,0.000141118,2
131,Uy,0.0287824,0.000911894,2
131,p,0.051919,0.000354756,5
131,omega,0.00228248,0.000227027,1
131,k,0.00994937,0.00030201,2
132,Ux,0.0046212,0.000136067,2
132,Uy,0.0274369,0.000848301,2
132,p,0.0491535,0.000363295,5
132,omega,0.00223266,0.000221409,1
132,k,0.00960018,0.000290105,2
133,Ux,0.00447118,0.000131814,2
133,Uy,0.0259479,0.00078726,2
133,p,0.0468343,0.000328682,5
133,omega,0.0021814,0.000216085,1
133,k,0.00925751,0.000278415,2
134,Ux,0.00434428,0.000128014,2
134,Uy,0.0245143,0.000732595,2
134,p,0.0445276,0.000308504,5
134,omega,0.00212996,0.000210801,1
134,k,0.00895222,0.000265905,2
135,Ux,0.00422979,0.000124651,2
135,Uy,0.0232531,0.000686192,2
135,p,0.0424214,0.000283268,5
135,omega,0.00207552,0.000205622,1
135,k,0.00864762,0.000251546,2
136,Ux,0.00413145,0.000121587,2
136,Uy,0.0221541,0.000647972,2
136,p,0.0410871,0.000277879,5
136,omega,0.00202592,0.000200035,1
136,k,0.00833516,0.000235767,2
137,Ux,0.00404154,0.000118432,2
137,Uy,0.0212522,0.000617688,2
137,p,0.0398622,0.000259003,5
137,omega,0.00197388,0.000195038,1
137,k,0.00798422,0.00021824,2
138,Ux,0.00395573,0.000114566,2
138,Uy,0.0204715,0.00059265,2
138,p,0.0385649,0.0002323,5
138,omega,0.00192444,0.000189491,1
138,k,0.00760553,0.000199804,2
139,Ux,0.0038634,0.000109876,2
139,Uy,0.0196608,0.000570196,2
139,p,0.0371917,0.000196347,5
139,omega,0.00187417,0.000184815,1
139,k,0.00719163,0.000180602,2
140,Ux,0.00375915,0.000104682,2
140,Uy,0.0188501,0.00054732,2
140,p,0.0357472,0.000164234,5
140,omega,0.00182955,0.000180123,1
140,k,0.00675442,0.000161798,2
141,Ux,0.00364055,9.90494e-05,2
141,Uy,0.0179891,0.000522189,2
141,p,0.0341584,0.000151029,5
141,omega,0.00178471,0.000175742,1
141,k,0.00629454,0.000144287,2
142,Ux,0.0035057,9.3514e-05,2
142,Uy,0.0172249,0.000492695,2
142,p,0.0324675,0.000134342,5
142,omega,0.00174022,0.000171164,1
142,k,0.00583849,0.000128705,2
143,Ux,0.00336081,8.81888e-05,2
143,Uy,0.0165429,0.000463772,2
143,p,0.0306881,0.000114933,5
143,omega,0.00169302,0.000166746,1
143,k,0.00538825,0.000116113,2
144,Ux,0.00320742,8.34081e-05,2
144,Uy,0.0158235,0.0004367,2
144,p,0.0288881,0.000277194,4
144,omega,0.00164143,0.000162049,1
144,k,0.0049709,0.000106419,2
145,Ux,0.00305556,7.9494e-05,2
145,Uy,0.0150727,0.000415619,2
145,p,0.0272758,0.00012568,5
145,omega,0.00158718,0.000157059,1
145,k,0.00459511,9.93981e-05,2
146,Ux,0.00290483,7.62696e-05,2
146,Uy,0.01432,0.000399385,2
146,p,0.0256054,0.000140773,5
146,omega,0.00152973,0.000152229,1
146,k,0.00426907,9.46517e-05,2
147,Ux,0.0027616,7.37291e-05,2
147,Uy,0.013584,0.000386159,2
147,p,0.024115,0.000157881,5
147,omega,0.00147351,1.83601e-05,2
147,k,0.00398937,9.10463e-05,2
148,Ux,0.00263452,7.185e-05,2
148,Uy,0.0128589,0.000372791,2
148,p,0.0227688,0.000167036,5
148,omega,0.00138644,1.73181e-05,2
148,k,0.00376626,8.85958e-05,2
149,Ux,0.00253458,7.03472e-05,2
149,Uy,0.0122311,0.000359125,2
149,p,0.0215146,0.000170142,5
149,omega,0.00131341,1.65223e-05,2
149,k,0.00360334,8.70742e-05,2
150,Ux,0.00245479,6.91252e-05,2
150,Uy,0.0116768,0.000346707,2
150,p,0.0203787,0.000185822,5
150,omega,0.00125448,1.58918e-05,2
150,k,0.00348608,8.60166e-05,2
151,Ux,0.00239488,6.79647e-05,2
151,Uy,0.0112094,0.000335287,2
151,p,0.0193869,0.000187332,5
151,omega,0.0012051,1.53747e-05,2
151,k,0.00340022,8.50051e-05,2
152,Ux,0.00234903,6.69677e-05,2
152,Uy,0.0107783,0.000326221,2
152,p,0.0186154,0.000169297,5
152,omega,0.00116328,1.49156e-05,2
152,k,0.00333708,8.38866e-05,2
153,Ux,0.00231188,6.59038e-05,2
153,Uy,0.0103891,0.000318289,2
153,p,0.0178879,0.000157468,5
153,omega,0.0011287,1.45317e-05,2
153,k,0.00328774,8.27823e-05,2
154,Ux,0.00228008,6.48541e-05,2
154,Uy,0.0100651,0.000311619,2
154,p,0.0173237,0.00014721,5
154,omega,0.0010995,1.41602e-05,2
154,k,0.00324025,8.15081e-05,2
155,Ux,0.0022467,6.37204e-05,2
155,Uy,0.00979096,0.000304829,2
155,p,0.0168149,0.000136483,5
155,omega,0.00107371,1.38041e-05,2
155,k,0.00318926,8.02051e-05,2
156,Ux,0.00221124,6.25957e-05,2
156,Uy,0.00953858,0.000297843,2
156,p,0.0163232,0.000124629,5
156,omega,0.00105041,1.34537e-05,2
156,k,0.00313676,7.8766e-05,2
157,Ux,0.00217763,6.13669e-05,2
157,Uy,0.00932829,0.000291141,2
157,p,0.015894,0.000114853,5
157,omega,0.00102777,1.31142e-05,2
157,k,0.00307966,7.73092e-05,2
158,Ux,0.00214284,6.00768e-05,2
158,Uy,0.0091499,0.00028456,2
158,p,0.0155154,0.000105575,5
158,omega,0.0010053,1.27686e-05,2
158,k,0.00301635,7.57622e-05,2
159,Ux,0.00210985,5.86659e-05,2
159,Uy,0.00895287,0.000278099,2
159,p,0.0151177,9.93036e-05,5
159,omega,0.000983618,1.24287e-05,2
159,k,0.00295367,7.42218e-05,2
160,Ux,0.00207167,5.71979e-05,2
160,Uy,0.00876735,0.000272044,2
160,p,0.0147483,9.29748e-05,5
160,omega,0.00096159,1.21029e-05,2
160,k,0.00288452,7.26413e-05,2
161,Ux,0.00202732,5.56288e-05,2
161,Uy,0.00855521,0.00026643,2
161,p,0.014324,8.34832e-05,5
161,omega,0.000939784,1.1802e-05,2
161,k,0.00281815,7.09778e-05,2
162,Ux,0.00197592,5.40563e-05,2
162,Uy,0.00836119,0.000261444,2
162,p,0.0139464,7.09483e-05,5
162,omega,0.000918215,9.17958e-05,1
162,k,0.00275778,6.96237e-05,2
163,Ux,0.00192156,5.23981e-05,2
163,Uy,0.00818013,0.000257274,2
163,p,0.0135529,6.00231e-05,5
163,omega,0.00091763,1.16094e-05,2
163,k,0.00269033,6.79332e-05,2
164,Ux,0.00186696,5.08021e-05,2
164,Uy,0.00802809,0.000253228,2
164,p,0.0131948,0.000129874,4
164,omega,0.000889568,1.12121e-05,2
164,k,0.00261913,6.61873e-05,2
165,Ux,0.00181192,4.9231e-05,2
165,Uy,0.00792865,0.000248952,2
165,p,0.0128006,6.07851e-05,5
165,omega,0.000862815,1.08295e-05,2
165,k,0.00254966,6.45624e-05,2
166,Ux,0.00175784,4.75725e-05,2
166,Uy,0.00784017,0.000244244,2
166,p,0.0124538,6.32381e-05,5
166,omega,0.000837422,8.3602e-05,1
166,k,0.00249421,6.31445e-05,2
167,Ux,0.00170028,4.59472e-05,2
167,Uy,0.00775345,0.000238835,2
167,p,0.01204,6.41852e-05,5
167,omega,0.000832691,1.04958e-05,2
167,k,0.00242781,6.152e-05,2
168,Ux,0.00164388,4.44179e-05,2
168,Uy,0.00762708,0.000233012,2
168,p,0.0116284,6.54814e-05,5
168,omega,0.000803166,8.02581e-05,1
168,k,0.00236528,6.00159e-05,2
169,Ux,0.00158682,4.28686e-05,2
169,Uy,0.00747761,0.000226718,2
169,p,0.0111621,6.69543e-05,5
169,omega,0.000794835,1.00239e-05,2
169,k,0.00230038,5.83024e-05,2
170,Ux,0.00153419,4.14471e-05,2
170,Uy,0.00730977,0.000220568,2
170,p,0.0107176,6.82295e-05,5
170,omega,0.000765294,7.62416e-05,1
170,k,0.00223714,5.66981e-05,2
171,Ux,0.00148245,4.00411e-05,2
171,Uy,0.00714908,0.000214328,2
171,p,0.0102748,6.82932e-05,5
171,omega,0.000755828,7.54568e-05,1
171,k,0.00218026,5.52509e-05,2
172,Ux,0.00143285,3.87018e-05,2
172,Uy,0.00700254,0.000208718,2
172,p,0.00981621,6.7196e-05,5
172,omega,0.000743508,7.42646e-05,1
172,k,0.00212134,5.37287e-05,2
173,Ux,0.00138604,3.73547e-05,2
173,Uy,0.00685559,0.000203106,2
173,p,0.00942064,6.48859e-05,5
173,omega,0.000728891,7.27062e-05,1
173,k,0.00206087,5.22129e-05,2
174,Ux,0.00133928,3.60464e-05,2
174,Uy,0.00669569,0.000197672,2
174,p,0.009057,6.20789e-05,5
174,omega,0.000712167,7.10661e-05,1
174,k,0.00200029,5.06902e-05,2
175,Ux,0.00129282,3.47753e-05,2
175,Uy,0.00652793,0.000192718,2
175,p,0.00872267,5.88764e-05,5
175,omega,0.000694912,6.93467e-05,1
175,k,0.00194114,4.91982e-05,2
176,Ux,0.00124918,3.35768e-05,2
176,Uy,0.00635664,0.000187815,2
176,p,0.00840782,5.45902e-05,5
176,omega,0.000677306,6.75429e-05,1
176,k,0.00188345,4.77678e-05,2
177,Ux,0.00120785,3.24076e-05,2
177,Uy,0.00619659,0.000182908,2
177,p,0.00812843,4.94602e-05,5
177,omega,0.000659513,6.57574e-05,1
177,k,0.00182668,4.63499e-05,2
178,Ux,0.00116932,3.13066e-05,2
178,Uy,0.00605862,0.000178061,2
178,p,0.00790552,4.32478e-05,5
178,omega,0.000641179,6.39891e-05,1
178,k,0.00177255,4.50725e-05,2
179,Ux,0.00113175,3.02513e-05,2
179,Uy,0.00592061,0.000173118,2
179,p,0.00766296,3.77792e-05,5
179,omega,0.000622995,6.22599e-05,1
179,k,0.00171978,4.3803e-05,2
180,Ux,0.00109514,2.92484e-05,2
180,Uy,0.00578886,0.00016793,2
180,p,0.00740869,3.29059e-05,5
180,omega,0.000604624,7.68296e-06,2
180,k,0.0016618,4.24237e-05,2
181,Ux,0.0010596,2.8347e-05,2
181,Uy,0.00563881,0.000162682,2
181,p,0.00718416,2.97853e-05,5
181,omega,0.000573503,5.7248e-05,1
181,k,0.00161227,4.13023e-05,2
182,Ux,0.00102452,2.74548e-05,2
182,Uy,0.00548103,0.000157733,2
182,p,0.00698558,2.77084e-05,5
182,omega,0.000559791,7.13878e-06,2
182,k,0.00156485,4.01372e-05,2
183,Ux,0.00099287,2.66772e-05,2
183,Uy,0.00532313,0.000152583,2
183,p,0.0067802,2.6609e-05,5
183,omega,0.000532308,6.78959e-06,2
183,k,0.00151644,3.90401e-05,2
184,Ux,0.000963541,2.59559e-05,2
184,Uy,0.00517087,0.000147567,2
184,p,0.00658915,2.75347e-05,5
184,omega,0.000508993,6.49429e-06,2
184,k,0.00147376,3.80301e-05,2
185,Ux,0.000935537,2.53038e-05,2
185,Uy,0.00502889,0.000142505,2
185,p,0.00641391,3.13649e-05,5
185,omega,0.000489175,6.24325e-06,2
185,k,0.00143458,3.709e-05,2
186,Ux,0.000909368,2.47134e-05,2
186,Uy,0.00488468,0.000137484,2
186,p,0.00622696,3.59367e-05,5
186,omega,0.000471553,6.02428e-06,2
186,k,0.00139796,3.62426e-05,2
187,Ux,0.00088635,2.41805e-05,2
187,Uy,0.00472571,0.000132506,2
187,p,0.00602477,3.93567e-05,5
187,omega,0.000456178,5.81741e-06,2
187,k,0.00136397,3.54069e-05,2
188,Ux,0.000865364,2.36932e-05,2
188,Uy,0.00455762,0.000127875,2
188,p,0.00583053,4.13798e-05,5
188,omega,0.000442115,5.62782e-06,2
188,k,0.00133071,3.45859e-05,2
189,Ux,0.000847039,2.3238e-05,2
189,Uy,0.00438727,0.00012349,2
189,p,0.00562433,4.22237e-05,5
189,omega,0.000429432,5.45254e-06,2
189,k,0.00130026,3.3749e-05,2
190,Ux,0.00083079,2.27966e-05,2
190,Uy,0.00422614,0.000119679,2
190,p,0.00541357,4.19285e-05,5
190,omega,0.0004182,5.28882e-06,2
190,k,0.00127178,3.28926e-05,2
191,Ux,0.000815871,2.23279e-05,2
191,Uy,0.0040839,0.000116122,2
191,p,0.00519915,4.0612e-05,5
191,omega,0.0004076,4.07441e-05,1
191,k,0.00124772,3.21047e-05,2
192,Ux,0.000799499,2.18003e-05,2
192,Uy,0.00395938,0.000113146,2
192,p,0.00499173,3.9238e-05,5
192,omega,0.000406246,5.13785e-06,2
192,k,0.00121881,3.12098e-05,2
193,Ux,0.000784331,2.12564e-05,2
193,Uy,0.00383965,0.000110249,2
193,p,0.00479396,3.67182e-05,5
193,omega,0.000394203,3.93363e-05,1
193,k,0.00119013,3.0373e-05,2
194,Ux,0.000768082,2.06518e-05,2
194,Uy,0.00372145,0.000107652,2
194,p,0.00461992,3.39693e-05,5
194,omega,0.000391279,4.94267e-06,2
194,k,0.00115874,2.94643e-05,2
195,Ux,0.000750598,2.0047e-05,2
195,Uy,0.00361518,0.000105048,2
195,p,0.00445739,3.1385e-05,5
195,omega,0.000378257,3.77034e-05,1
195,k,0.00112809,2.86769e-05,2
196,Ux,0.000731178,1.94217e-05,2
196,Uy,0.00351818,0.000102324,2
196,p,0.0043137,2.96578e-05,5
196,omega,0.000374041,3.73923e-05,1
196,k,0.00109887,2.79134e-05,2
197,Ux,0.000711176,1.88014e-05,2
197,Uy,0.00343744,9.95457e-05,2
197,p,0.00418568,2.93583e-05,5
197,omega,0.000368265,4.6551e-06,2
197,k,0.00106569,2.71076e-05,2
198,Ux,0.000691487,1.82181e-05,2
198,Uy,0.00336468,9.65869e-05,2
198,p,0.00406765,2.9701e-05,5
198,omega,0.000353377,3.52544e-05,1
198,k,0.0010353,2.63904e-05,2
199,Ux,0.000671097,1.76469e-05,2
199,Uy,0.00328874,9.35395e-05,2
199,p,0.00394564,2.91541e-05,5
199,omega,0.000347353,4.38352e-06,2
199,k,0.00100474,2.56769e-05,2
200,Ux,0.000650981,1.71251e-05,2
200,Uy,0.00320077,9.03905e-05,2
200,p,0.00383018,2.73637e-05,5
200,omega,0.000332865,3.32442e-05,1
200,k,0.000976559,2.50582e-05,2
201,Ux,0.000630096,1.66284e-05,2
201,Uy,0.00311337,8.74671e-05,2
201,p,0.0037169,2.45884e-05,5
201,omega,0.000327176,4.13048e-06,2
201,k,0.000948814,2.44123e-05,2
202,Ux,0.00061039,1.61864e-05,2
202,Uy,0.00301603,8.44029e-05,2
202,p,0.00361795,2.07487e-05,5
202,omega,0.000313284,3.94579e-06,2
202,k,0.000920052,2.37892e-05,2
203,Ux,0.000592521,1.57711e-05,2
203,Uy,0.00292267,8.16781e-05,2
203,p,0.00351242,1.70671e-05,5
203,omega,0.000301108,3.7813e-06,2
203,k,0.000895531,2.31946e-05,2
204,Ux,0.000575966,1.53976e-05,2
204,Uy,0.00283085,7.89198e-05,2
204,p,0.00342104,1.39558e-05,5
204,omega,0.000289864,3.63042e-06,2
204,k,0.00087191,2.26224e-05,2
205,Ux,0.000560763,1.50393e-05,2
205,Uy,0.00274066,7.64781e-05,2
205,p,0.00332153,1.51152e-05,5
205,omega,0.000279617,3.48654e-06,2
205,k,0.000850272,2.20424e-05,2
206,Ux,0.000546901,1.46923e-05,2
206,Uy,0.00264847,7.40055e-05,2
206,p,0.00323272,1.64788e-05,5
206,omega,0.000270244,2.69727e-05,1
206,k,0.00083251,2.14872e-05,2
207,Ux,0.000533577,1.43342e-05,2
207,Uy,0.00255877,7.18256e-05,2
207,p,0.0031341,1.64597e-05,5
207,omega,0.000267249,3.32228e-06,2
207,k,0.000812055,2.08438e-05,2
208,Ux,0.000521367,1.39928e-05,2
208,Uy,0.0024687,6.95604e-05,2
208,p,0.00302629,1.72639e-05,5
208,omega,0.000257538,2.56384e-05,1
208,k,0.000793098,2.02075e-05,2
209,Ux,0.000509596,1.36209e-05,2
209,Uy,0.00238487,6.76084e-05,2
209,p,0.00291205,1.91355e-05,5
209,omega,0.00025433,2.52828e-05,1
209,k,0.000773929,1.95551e-05,2
210,Ux,0.000497902,1.32267e-05,2
210,Uy,0.0023058,6.56967e-05,2
210,p,0.00279124,1.95917e-05,5
210,omega,0.000250316,2.48194e-05,1
210,k,0.000751944,1.88631e-05,2
211,Ux,0.000485146,1.28121e-05,2
211,Uy,0.00222961,6.39541e-05,2
211,p,0.00267401,1.95754e-05,5
211,omega,0.000245657,2.42651e-05,1
211,k,0.000728688,1.81666e-05,2
212,Ux,0.00047168,1.2373e-05,2
212,Uy,0.0021597,6.23365e-05,2
212,p,0.00255512,1.90208e-05,5
212,omega,0.000240329,2.36607e-05,1
212,k,0.00070438,1.7449e-05,2
213,Ux,0.000457119,1.191e-05,2
213,Uy,0.00209575,6.07521e-05,2
213,p,0.00243952,1.80221e-05,5
213,omega,0.0002344,2.30059e-05,1
213,k,0.000678873,1.67508e-05,2
214,Ux,0.000442126,1.14402e-05,2
214,Uy,0.00203659,5.92614e-05,2
214,p,0.00234621,1.66803e-05,5
214,omega,0.000228004,2.23393e-05,1
214,k,0.000653099,1.60515e-05,2
215,Ux,0.000426457,1.09642e-05,2
215,Uy,0.00198598,5.76344e-05,2
215,p,0.00226469,1.55295e-05,5
215,omega,0.000221107,2.16484e-05,1
215,k,0.000627574,1.53925e-05,2
216,Ux,0.000410277,1.04923e-05,2
216,Uy,0.00193709,5.5896e-05,2
216,p,0.00218183,1.52895e-05,5
216,omega,0.00021399,2.09612e-05,1
216,k,0.00060228,1.47628e-05,2
217,Ux,0.000393521,1.00297e-05,2
217,Uy,0.00189047,5.40822e-05,2
217,p,0.00210253,1.5226e-05,5
217,omega,0.000206696,2.02422e-05,1
217,k,0.000577941,1.41801e-05,2
218,Ux,0.000377075,9.59036e-06,2
218,Uy,0.00183943,5.21562e-05,2
218,p,0.00203145,1.48978e-05,5
218,omega,0.000199185,1.95511e-05,1
218,k,0.000554177,1.36332e-05,2
219,Ux,0.000360906,9.1716e-06,2
219,Uy,0.0017848,5.01229e-05,2
219,p,0.00196607,1.40286e-05,5
219,omega,0.000191724,1.88519e-05,1
219,k,0.000531589,1.3126e-05,2
220,Ux,0.000345253,8.78499e-06,2
220,Uy,0.00172825,4.80523e-05,2
220,p,0.00191316,1.27232e-05,5
220,omega,0.000184349,1.8194e-05,1
220,k,0.000509813,1.26686e-05,2
221,Ux,0.000330378,8.42957e-06,2
221,Uy,0.00166986,4.60493e-05,2
221,p,0.00185771,1.08945e-05,5
221,omega,0.000177194,1.75524e-05,1
221,k,0.000489861,1.22445e-05,2
222,Ux,0.00031604,8.10793e-06,2
222,Uy,0.00160785,4.40162e-05,2
222,p,0.00180487,9.42023e-06,5
222,omega,0.000170444,1.6936e-05,1
222,k,0.000470724,1.18666e-05,2
223,Ux,0.000302604,7.81816e-06,2
223,Uy,0.00154478,4.21593e-05,2
223,p,0.00175347,8.29448e-06,5
223,omega,0.000163863,1.63751e-05,1
223,k,0.00045353,1.1519e-05,2
224,Ux,0.000290162,7.56129e-06,2
224,Uy,0.0014805,4.03459e-05,2
224,p,0.00170921,8.00038e-06,5
224,omega,0.000157787,2.0026e-06,2
224,k,0.000435925,1.11441e-05,2
225,Ux,0.000279257,7.3491e-06,2
225,Uy,0.0014156,3.87229e-05,2
225,p,0.00166788,8.09857e-06,5
225,omega,0.00014862,1.88136e-06,2
225,k,0.000419614,1.07982e-05,2
226,Ux,0.000269883,7.15788e-06,2
226,Uy,0.00135395,3.71915e-05,2
226,p,0.00162282,9.12526e-06,5
226,omega,0.000141159,1.78078e-06,2
226,k,0.000405836,1.04805e-05,2
227,Ux,0.00026167,6.98394e-06,2
227,Uy,0.00129643,3.59e-05,2
227,p,0.00156936,9.76109e-06,5
227,omega,0.000134916,1.69374e-06,2
227,k,0.000393303,1.01688e-05,2
228,Ux,0.000254546,6.81743e-06,2
228,Uy,0.00124325,3.47027e-05,2
228,p,0.00151135,1.04482e-05,5
228,omega,0.000129648,1.29382e-05,1
228,k,0.000383571,9.8917e-06,2
229,Ux,0.00024773,6.64431e-06,2
229,Uy,0.00119584,3.37299e-05,2
229,p,0.00144946,1.08451e-05,5
229,omega,0.000127688,1.27636e-05,1
229,k,0.000375016,9.60165e-06,2
230,Ux,0.00024137,6.46272e-06,2
230,Uy,0.00115235,3.28231e-05,2
230,p,0.00138538,1.10736e-05,5
230,omega,0.000125362,1.25258e-05,1
230,k,0.000365619,9.28824e-06,2
231,Ux,0.000235323,6.27191e-06,2
231,Uy,0.00111114,3.19801e-05,2
231,p,0.00132369,1.08542e-05,5
231,omega,0.000122847,1.22534e-05,1
231,k,0.000355432,8.96863e-06,2
232,Ux,0.000229094,6.06968e-06,2
232,Uy,0.00107408,3.11546e-05,2
232,p,0.00126473,1.06826e-05,5
232,omega,0.000120062,1.19605e-05,1
232,k,0.000344768,8.64736e-06,2
233,Ux,0.000222593,5.85793e-06,2
233,Uy,0.00104053,3.02946e-05,2
233,p,0.00120947,1.05124e-05,5
233,omega,0.000117071,1.16493e-05,1
233,k,0.000333523,8.33371e-06,2
234,Ux,0.000215792,5.64369e-06,2
234,Uy,0.00101131,2.94244e-05,2
234,p,0.00116194,1.03805e-05,5
234,omega,0.000113937,1.13326e-05,1
234,k,0.000322122,8.02881e-06,2
235,Ux,0.000208731,5.43256e-06,2
235,Uy,0.000984907,2.84806e-05,2
235,p,0.00111991,1.01024e-05,5
235,omega,0.000110626,1.10145e-05,1
235,k,0.000310571,7.74277e-06,2
236,Ux,0.00020147,5.22576e-06,2
236,Uy,0.000959866,2.75339e-05,2
236,p,0.00108057,9.53466e-06,5
236,omega,0.000107325,1.06931e-05,1
236,k,0.000299406,7.46688e-06,2
237,Ux,0.000194235,5.02697e-06,2
237,Uy,0.000934247,2.65898e-05,2
237,p,0.00104262,8.63867e-06,5
237,omega,0.000103926,1.03636e-05,1
237,k,0.000288607,7.22321e-06,2
238,Ux,0.000186959,4.83937e-06,2
238,Uy,0.000906747,2.56385e-05,2
238,p,0.00100791,8.00813e-06,5
238,omega,0.000100562,1.0044e-05,1
238,k,0.000278092,6.9859e-06,2
239,Ux,0.000180006,4.66621e-06,2
239,Uy,0.000879192,2.47095e-05,2
239,p,0.000975389,7.24761e-06,5
239,omega,9.72031e-05,1.22761e-06,2
239,k,0.000267354,6.75183e-06,2
240,Ux,0.000173547,4.511e-06,2
240,Uy,0.000850347,2.37803e-05,2
240,p,0.000947884,6.60856e-06,5
240,omega,9.18617e-05,9.17077e-06,1
240,k,0.000257825,6.55619e-06,2
241,Ux,0.000167171,4.36527e-06,2
241,Uy,0.000821826,2.29264e-05,2
241,p,0.000923376,5.81547e-06,5
241,omega,8.92337e-05,1.12912e-06,2
241,k,0.000249045,6.36573e-06,2
242,Ux,0.000161297,4.23554e-06,2
242,Uy,0.000792615,2.20624e-05,2
242,p,0.000899705,5.02636e-06,5
242,omega,8.47054e-05,1.07e-06,2
242,k,0.000240344,6.18683e-06,2
243,Ux,0.00015584,4.11756e-06,2
243,Uy,0.000764638,2.13015e-05,2
243,p,0.00087573,3.93982e-06,5
243,omega,8.09004e-05,1.0199e-06,2
243,k,0.000233053,6.0197e-06,2
244,Ux,0.000150811,4.01207e-06,2
244,Uy,0.000737131,2.05502e-05,2
244,p,0.000854387,3.57023e-06,5
244,omega,7.75332e-05,7.75289e-06,1
244,k,0.000226972,5.88649e-06,2
245,Ux,0.00014612,3.90884e-06,2
245,Uy,0.000710756,1.99022e-05,2
245,p,0.000832808,3.54548e-06,5
245,omega,7.61926e-05,9.60798e-07,2
245,k,0.000221078,5.7349e-06,2
246,Ux,0.000142236,3.81482e-06,2
246,Uy,0.000684814,1.9247e-05,2
246,p,0.000810638,3.62509e-06,5
246,omega,7.3062e-05,9.13993e-07,2
246,k,0.000214986,5.56355e-06,2
247,Ux,0.000138783,3.72438e-06,2
247,Uy,0.000660198,1.86759e-05,2
247,p,0.000786131,4.03777e-06,5
247,omega,7.03184e-05,7.00513e-06,1
247,k,0.000210027,5.41043e-06,2
248,Ux,0.00013536,3.62991e-06,2
248,Uy,0.00063752,1.81172e-05,2
248,p,0.000759853,4.53492e-06,5
248,omega,6.93447e-05,6.91428e-06,1
248,k,0.000205551,5.25299e-06,2
249,Ux,0.000132065,3.53176e-06,2
249,Uy,0.000616326,1.76324e-05,2
249,p,0.000732426,4.94769e-06,5
249,omega,6.8088e-05,6.77943e-06,1
249,k,0.000200421,5.08058e-06,2
250,Ux,0.000128815,3.43116e-06,2
250,Uy,0.000596424,1.71393e-05,2
250,p,0.000700634,5.33841e-06,5
250,omega,6.67062e-05,6.62591e-06,1
250,k,0.000194721,4.90244e-06,2
251,Ux,0.000125439,3.32504e-06,2
251,Uy,0.000577116,1.6705e-05,2
251,p,0.000668676,5.47441e-06,5
251,omega,6.52006e-05,6.45985e-06,1
251,k,0.000188744,4.72201e-06,2
252,Ux,0.000122027,3.2121e-06,2
252,Uy,0.000559406,1.62758e-05,2
252,p,0.000636521,5.42664e-06,5
252,omega,6.35952e-05,6.28203e-06,1
252,k,0.000182565,4.54011e-06,2
253,Ux,0.000118332,3.09529e-06,2
253,Uy,0.000543183,1.58653e-05,2
253,p,0.000605363,5.25986e-06,5
253,omega,6.18857e-05,6.10185e-06,1
253,k,0.000176076,4.36245e-06,2
254,Ux,0.000114489,2.97749e-06,2
254,Uy,0.000529133,1.54638e-05,2
254,p,0.000581069,5.04241e-06,5
254,omega,6.01209e-05,5.91974e-06,1
254,k,0.000169622,4.18823e-06,2
255,Ux,0.000110497,2.8585e-06,2
255,Uy,0.000516196,1.50138e-05,2
255,p,0.000561685,4.78979e-06,5
255,omega,5.8251e-05,5.73628e-06,1
255,k,0.00016315,4.02544e-06,2
256,Ux,0.000106432,2.74064e-06,2
256,Uy,0.000504145,1.45623e-05,2
256,p,0.000543519,4.5379e-06,5
256,omega,5.63702e-05,5.55386e-06,1
256,k,0.000156846,3.86949e-06,2
257,Ux,0.000102317,2.62697e-06,2
257,Uy,0.000491986,1.40899e-05,2
257,p,0.000525462,4.27515e-06,5
257,omega,5.44373e-05,5.368e-06,1
257,k,0.00015075,3.72708e-06,2
258,Ux,9.82295e-05,2.51734e-06,2
258,Uy,0.000478603,1.35918e-05,2
258,p,0.000508512,4.04149e-06,5
258,omega,5.25099e-05,5.18617e-06,1
258,k,0.000144855,3.59117e-06,2
259,Ux,9.42916e-05,2.41624e-06,2
259,Uy,0.000464494,1.30893e-05,2
259,p,0.000492279,3.78025e-06,5
259,omega,5.06138e-05,5.00864e-06,1
259,k,0.000139306,3.47089e-06,2
260,Ux,9.04416e-05,2.32075e-06,2
260,Uy,0.000449905,1.25785e-05,2
260,p,0.000477508,3.44001e-06,5
260,omega,4.87371e-05,4.83851e-06,1
260,k,0.000134013,3.35712e-06,2
261,Ux,8.67401e-05,2.23414e-06,2
261,Uy,0.000434703,1.20813e-05,2
261,p,0.000463376,2.95356e-06,5
261,omega,4.69376e-05,4.67213e-06,1
261,k,0.000129091,3.25344e-06,2
262,Ux,8.32081e-05,2.15448e-06,2
262,Uy,0.000418926,1.15815e-05,2
262,p,0.000450359,2.60338e-06,5
262,omega,4.5217e-05,4.51673e-06,1
262,k,0.000124373,3.15915e-06,2
263,Ux,7.9961e-05,2.08256e-06,2
263,Uy,0.000403361,1.11325e-05,2
263,p,0.000437908,2.11204e-06,5
263,omega,4.3588e-05,5.52862e-07,2
263,k,0.000119784,3.05857e-06,2
264,Ux,7.70389e-05,2.02203e-06,2
264,Uy,0.000387499,1.0681e-05,2
264,p,0.000426521,1.86295e-06,5
264,omega,4.11404e-05,5.2033e-07,2
264,k,0.000115275,2.96488e-06,2
265,Ux,7.43847e-05,1.96771e-06,2
265,Uy,0.000372166,1.02845e-05,2
265,p,0.00041637,1.80709e-06,5
265,omega,3.90886e-05,4.92599e-07,2
265,k,0.00011156,2.88012e-06,2
266,Ux,7.20341e-05,1.91806e-06,2
266,Uy,0.000357374,9.90587e-06,2
266,p,0.000406637,2.02166e-06,5
266,omega,3.73422e-05,3.73246e-06,1
266,k,0.000108598,2.80801e-06,2
267,Ux,6.98705e-05,1.87007e-06,2
267,Uy,0.000343741,9.58682e-06,2
267,p,0.000395888,2.1628e-06,5
267,omega,3.66021e-05,4.61053e-07,2
267,k,0.000105567,2.72872e-06,2
268,Ux,6.8087e-05,1.82536e-06,2
268,Uy,0.000330579,9.27154e-06,2
268,p,0.000383177,2.38207e-06,5
268,omega,3.50614e-05,3.5034e-06,1
268,k,0.000102933,2.64869e-06,2
269,Ux,6.63689e-05,1.77873e-06,2
269,Uy,0.000318242,9.01364e-06,2
269,p,0.00036985,2.58345e-06,5
269,omega,3.44451e-05,3.44219e-06,1
269,k,0.000100523,2.56878e-06,2
270,Ux,6.47025e-05,1.73053e-06,2
270,Uy,0.000306961,8.75512e-06,2
270,p,0.000353971,2.72855e-06,5
270,omega,3.37603e-05,3.36951e-06,1
270,k,9.79385e-05,2.48325e-06,2
271,Ux,6.3061e-05,1.68041e-06,2
271,Uy,0.000296384,8.53175e-06,2
271,p,0.000337598,2.77814e-06,5
271,omega,3.30392e-05,3.28796e-06,1
271,k,9.51402e-05,2.3964e-06,2
272,Ux,6.14155e-05,1.62634e-06,2
272,Uy,0.000286805,8.30434e-06,2
272,p,0.000322022,2.75472e-06,5
272,omega,3.22462e-05,3.20109e-06,1
272,k,9.22297e-05,2.30858e-06,2
273,Ux,5.968e-05,1.57019e-06,2
273,Uy,0.000278057,8.08989e-06,2
273,p,0.000306283,2.68916e-06,5
273,omega,3.13993e-05,3.11217e-06,1
273,k,8.91323e-05,2.22063e-06,2
274,Ux,5.78589e-05,1.51249e-06,2
274,Uy,0.000270237,7.87445e-06,2
274,p,0.000294214,2.59513e-06,5
274,omega,3.05318e-05,3.02219e-06,1
274,k,8.60447e-05,2.13687e-06,2
275,Ux,5.59573e-05,1.45497e-06,2
275,Uy,0.000262996,7.6399e-06,2
275,p,0.000283246,2.48594e-06,5
275,omega,2.96092e-05,2.9317e-06,1
275,k,8.2909e-05,2.05661e-06,2
276,Ux,5.39929e-05,1.39741e-06,2
276,Uy,0.000256448,7.403e-06,2
276,p,0.000273564,2.36156e-06,5
276,omega,2.86789e-05,2.84164e-06,1
276,k,7.98298e-05,1.9808e-06,2
277,Ux,5.20146e-05,1.342e-06,2
277,Uy,0.000249998,7.16076e-06,2
277,p,0.000264234,2.22004e-06,5
277,omega,2.7728e-05,2.75067e-06,1
277,k,7.6861e-05,1.91093e-06,2
278,Ux,5.00345e-05,1.28884e-06,2
278,Uy,0.000243194,6.90656e-06,2
278,p,0.000255741,2.06935e-06,5
278,omega,2.68035e-05,2.66058e-06,1
278,k,7.39804e-05,1.84457e-06,2
279,Ux,4.81228e-05,1.23955e-06,2
279,Uy,0.000236057,6.65767e-06,2
279,p,0.000248066,1.87416e-06,5
279,omega,2.58692e-05,2.5734e-06,1
279,k,7.12771e-05,1.78568e-06,2
280,Ux,4.62606e-05,1.1931e-06,2
280,Uy,0.000228743,6.40468e-06,2
280,p,0.000240595,1.7556e-06,5
280,omega,2.49628e-05,2.48866e-06,1
280,k,6.86757e-05,1.72999e-06,2
281,Ux,4.44487e-05,1.15083e-06,2
281,Uy,0.000221071,6.15712e-06,2
281,p,0.000233347,1.58267e-06,5
281,omega,2.4075e-05,2.40637e-06,1
281,k,6.62516e-05,1.67927e-06,2
282,Ux,4.27466e-05,1.11202e-06,2
282,Uy,0.000213231,5.91313e-06,2
282,p,0.000226914,1.29385e-06,5
282,omega,2.32406e-05,2.94391e-07,2
282,k,6.37431e-05,1.62671e-06,2
283,Ux,4.1186e-05,1.07822e-06,2
283,Uy,0.000205297,5.68706e-06,2
283,p,0.000220489,1.07205e-06,5
283,omega,2.19384e-05,2.77405e-07,2
283,k,6.14499e-05,1.57622e-06,2
284,Ux,3.97689e-05,1.04841e-06,2
284,Uy,0.000197567,5.46741e-06,2
284,p,0.000214465,8.79067e-07,5
284,omega,2.08637e-05,2.63165e-07,2
284,k,5.94087e-05,1.53236e-06,2
285,Ux,3.84709e-05,1.02084e-06,2
285,Uy,0.000190018,5.2723e-06,2
285,p,0.000209403,8.792e-07,5
285,omega,1.99466e-05,1.99445e-06,1
285,k,5.78395e-05,1.49577e-06,2
286,Ux,3.72948e-05,9.949e-07,2
286,Uy,0.000182886,5.09104e-06,2
286,p,0.000204507,9.59556e-07,5
286,omega,1.95546e-05,2.46372e-07,2
286,k,5.62433e-05,1.45473e-06,2
287,Ux,3.62603e-05,9.71046e-07,2
287,Uy,0.000176015,4.92701e-06,2
287,p,0.000198897,1.00389e-06,5
287,omega,1.87168e-05,1.8716e-06,1
287,k,5.48239e-05,1.4149e-06,2
288,Ux,3.53371e-05,9.46625e-07,2
288,Uy,0.000169672,4.77436e-06,2
288,p,0.000192661,1.11278e-06,5
288,omega,1.8389e-05,2.29397e-07,2
288,k,5.33864e-05,1.3694e-06,2
289,Ux,3.44817e-05,9.23222e-07,2
289,Uy,0.00016338,4.63672e-06,2
289,p,0.000186033,1.22379e-06,5
289,omega,1.76185e-05,1.7514e-06,1
289,k,5.20199e-05,1.3249e-06,2
290,Ux,3.36401e-05,8.97721e-07,2
290,Uy,0.000157714,4.50514e-06,2
290,p,0.000178352,1.29934e-06,5
290,omega,1.73176e-05,1.7195e-06,1
290,k,5.07209e-05,1.28179e-06,2
291,Ux,3.27774e-05,8.70937e-07,2
291,Uy,0.000152394,4.39077e-06,2
291,p,0.000170424,1.34063e-06,5
291,omega,1.69767e-05,1.68154e-06,1
291,k,4.9274e-05,1.23671e-06,2
292,Ux,3.18982e-05,8.42295e-07,2
292,Uy,0.000147593,4.27457e-06,2
292,p,0.000162668,1.34576e-06,5
292,omega,1.65855e-05,1.6388e-06,1
292,k,4.77485e-05,1.19074e-06,2
293,Ux,3.09683e-05,8.12914e-07,2
293,Uy,0.000143244,4.16717e-06,2
293,p,0.000154803,1.3282e-06,5
293,omega,1.6162e-05,1.59529e-06,1
293,k,4.61218e-05,1.14441e-06,2
294,Ux,3.00001e-05,7.82351e-07,2
294,Uy,0.000139235,4.05745e-06,2
294,p,0.000148489,1.29138e-06,5
294,omega,1.57202e-05,1.54898e-06,1
294,k,4.44922e-05,1.1006e-06,2
295,Ux,2.89995e-05,7.51989e-07,2
295,Uy,0.000135502,3.94084e-06,2
295,p,0.000142929,1.24057e-06,5
295,omega,1.52477e-05,1.50283e-06,1
295,k,4.28379e-05,1.05814e-06,2
296,Ux,2.79555e-05,7.21121e-07,2
296,Uy,0.0001321,3.82102e-06,2
296,p,0.000137881,1.17646e-06,5
296,omega,1.4768e-05,1.45625e-06,1
296,k,4.1208e-05,1.0179e-06,2
297,Ux,2.68999e-05,6.91806e-07,2
297,Uy,0.000128829,3.6962e-06,2
297,p,0.000133124,1.10471e-06,5
297,omega,1.42679e-05,1.40919e-06,1
297,k,3.96316e-05,9.80602e-07,2
298,Ux,2.58505e-05,6.63313e-07,2
298,Uy,0.000125415,3.56647e-06,2
298,p,0.000128979,1.02712e-06,5
298,omega,1.37839e-05,1.36254e-06,1
298,k,3.8103e-05,9.45203e-07,2
299,Ux,2.48248e-05,6.36913e-07,2
299,Uy,0.0001218,3.43775e-06,2
299,p,0.000125147,9.50161e-07,5
299,omega,1.32924e-05,1.31732e-06,1
299,k,3.66621e-05,9.13672e-07,2
300,Ux,2.38297e-05,6.11838e-07,2
300,Uy,0.000118098,3.30593e-06,2
300,p,0.000121278,8.67804e-07,5
300,omega,1.2813e-05,1.27284e-06,1
300,k,3.52866e-05,8.83797e-07,2
301,Ux,2.28689e-05,5.8905e-07,2
301,Uy,0.000114144,3.17479e-06,2
301,p,0.000117786,7.5138e-07,5
301,omega,1.23501e-05,1.22991e-06,1
301,k,3.39837e-05,8.57042e-07,2
302,Ux,2.19552e-05,5.68153e-07,2
302,Uy,0.000110085,3.04822e-06,2
302,p,0.000114269,6.51325e-07,5
302,omega,1.19028e-05,1.18968e-06,1
302,k,3.27766e-05,8.32213e-07,2
303,Ux,2.10948e-05,5.49333e-07,2
303,Uy,0.000106005,2.92887e-06,2
303,p,0.000111145,5.2626e-07,5
303,omega,1.14781e-05,1.4562e-07,2
303,k,3.15573e-05,8.05783e-07,2
304,Ux,2.03246e-05,5.33196e-07,2
304,Uy,0.000101979,2.8124e-06,2
304,p,0.00010821,4.53821e-07,5
304,omega,1.08377e-05,1.37059e-07,2
304,k,3.03897e-05,7.81213e-07,2
305,Ux,1.96257e-05,5.1856e-07,2
305,Uy,9.79643e-05,2.70616e-06,2
305,p,0.000105824,4.32252e-07,5
305,omega,1.03074e-05,1.29859e-07,2
305,k,2.94107e-05,7.58782e-07,2
306,Ux,1.90089e-05,5.05815e-07,2
306,Uy,9.41047e-05,2.60753e-06,2
306,p,0.000103427,4.72817e-07,5
306,omega,9.84688e-06,9.84133e-07,1
306,k,2.86195e-05,7.40169e-07,2
307,Ux,1.84362e-05,4.9285e-07,2
307,Uy,9.04864e-05,2.52205e-06,2
307,p,0.000100657,4.99901e-07,5
307,omega,9.65443e-06,1.2145e-07,2
307,k,2.78406e-05,7.19315e-07,2
308,Ux,1.7952e-05,4.81094e-07,2
308,Uy,8.70934e-05,2.44042e-06,2
308,p,9.74629e-05,5.53175e-07,5
308,omega,9.24865e-06,9.23145e-07,1
308,k,2.71362e-05,6.98161e-07,2
309,Ux,1.75005e-05,4.68764e-07,2
309,Uy,8.38523e-05,2.37011e-06,2
309,p,9.42135e-05,6.10166e-07,5
309,omega,9.08284e-06,9.07391e-07,1
309,k,2.64898e-05,6.77236e-07,2
310,Ux,1.70628e-05,4.56242e-07,2
310,Uy,8.08444e-05,2.30238e-06,2
310,p,9.04817e-05,6.46691e-07,5
310,omega,8.90007e-06,8.87667e-07,1
310,k,2.58196e-05,6.55038e-07,2
311,Ux,1.66372e-05,4.43035e-07,2
311,Uy,7.80364e-05,2.24245e-06,2
311,p,8.64231e-05,6.67227e-07,5
311,omega,8.70708e-06,8.65992e-07,1
311,k,2.50897e-05,6.31731e-07,2
312,Ux,1.62012e-05,4.28828e-07,2
312,Uy,7.5473e-05,2.18236e-06,2
312,p,8.24115e-05,6.72594e-07,5
312,omega,8.497e-06,8.42431e-07,1
312,k,2.43177e-05,6.0836e-07,2
313,Ux,1.57409e-05,4.14339e-07,2
313,Uy,7.31909e-05,2.12707e-06,2
313,p,7.85683e-05,6.65982e-07,5
313,omega,8.27463e-06,8.19258e-07,1
313,k,2.35065e-05,5.84876e-07,2
314,Ux,1.52625e-05,3.99185e-07,2
314,Uy,7.10884e-05,2.06981e-06,2
314,p,7.53003e-05,6.52213e-07,5
314,omega,8.04449e-06,7.94913e-07,1
314,k,2.2685e-05,5.62605e-07,2
315,Ux,1.47706e-05,3.8387e-07,2
315,Uy,6.91252e-05,2.01097e-06,2
315,p,7.24318e-05,6.33356e-07,5
315,omega,7.80134e-06,7.70813e-07,1
315,k,2.18587e-05,5.41037e-07,2
316,Ux,1.42513e-05,3.68468e-07,2
316,Uy,6.73791e-05,1.95016e-06,2
316,p,6.98749e-05,6.10332e-07,5
316,omega,7.55511e-06,7.46745e-07,1
316,k,2.10355e-05,5.20784e-07,2
317,Ux,1.37225e-05,3.53758e-07,2
317,Uy,6.56937e-05,1.88644e-06,2
317,p,6.74257e-05,5.82948e-07,5
317,omega,7.30195e-06,7.22679e-07,1
317,k,2.02398e-05,5.01635e-07,2
318,Ux,1.32013e-05,3.39395e-07,2
318,Uy,6.39815e-05,1.82146e-06,2
318,p,6.53045e-05,5.50837e-07,5
318,omega,7.05505e-06,6.98786e-07,1
318,k,1.94769e-05,4.83933e-07,2
319,Ux,1.26885e-05,3.2612e-07,2
319,Uy,6.2156e-05,1.75615e-06,2
319,p,6.33473e-05,5.13591e-07,5
319,omega,6.80685e-06,6.75799e-07,1
319,k,1.87425e-05,4.67817e-07,2
320,Ux,1.21873e-05,3.1344e-07,2
320,Uy,6.02914e-05,1.68993e-06,2
320,p,6.13889e-05,4.67399e-07,5
320,omega,6.56347e-06,6.52946e-07,1
320,k,1.80544e-05,4.52639e-07,2
321,Ux,1.17025e-05,3.01938e-07,2
321,Uy,5.82995e-05,1.62291e-06,2
321,p,5.96551e-05,4.08666e-07,5
321,omega,6.32954e-06,6.31267e-07,1
321,k,1.73892e-05,4.39279e-07,2
322,Ux,1.12445e-05,2.91397e-07,2
322,Uy,5.62328e-05,1.5599e-06,2
322,p,5.78772e-05,3.61007e-07,5
322,omega,6.10299e-06,7.705e-08,2
322,k,1.67242e-05,4.24886e-07,2
323,Ux,1.08221e-05,2.82237e-07,2
323,Uy,5.41369e-05,1.49758e-06,2
323,p,5.62449e-05,2.88446e-07,5
323,omega,5.7564e-06,5.75362e-07,1
323,k,1.61554e-05,4.13169e-07,2
324,Ux,1.04238e-05,2.73675e-07,2
324,Uy,5.21424e-05,1.44016e-06,2
324,p,5.47933e-05,2.43314e-07,5
324,omega,5.59217e-06,7.09078e-08,2
324,k,1.561e-05,4.0146e-07,2
325,Ux,1.00677e-05,2.66185e-07,2
325,Uy,5.01221e-05,1.38575e-06,2
325,p,5.35971e-05,2.23469e-07,5
325,omega,5.3115e-06,6.70549e-08,2
325,k,1.51007e-05,3.89621e-07,2
326,Ux,9.75348e-06,2.59687e-07,2
326,Uy,4.81653e-05,1.33595e-06,2
326,p,5.23779e-05,2.42115e-07,5
326,omega,5.07118e-06,6.36786e-08,2
326,k,1.46402e-05,3.78796e-07,2
327,Ux,9.47449e-06,2.53396e-07,2
327,Uy,4.62917e-05,1.29099e-06,2
327,p,5.09676e-05,2.54325e-07,5
327,omega,4.86249e-06,4.85593e-07,1
327,k,1.42859e-05,3.69182e-07,2
328,Ux,9.22021e-06,2.46977e-07,2
328,Uy,4.45916e-05,1.2508e-06,2
328,p,4.93834e-05,2.78342e-07,5
328,omega,4.78379e-06,4.78238e-07,1
328,k,1.39606e-05,3.58921e-07,2
329,Ux,8.9866e-06,2.40684e-07,2
329,Uy,4.2963e-05,1.21432e-06,2
329,p,4.77504e-05,3.02322e-07,5
329,omega,4.68966e-06,5.84514e-08,2
329,k,1.35678e-05,3.46806e-07,2
330,Ux,8.77033e-06,2.34507e-07,2
330,Uy,4.14021e-05,1.17896e-06,2
330,p,4.58869e-05,3.19494e-07,5
330,omega,4.48994e-06,4.45476e-07,1
330,k,1.32166e-05,3.35067e-07,2
331,Ux,8.55287e-06,2.27692e-07,2
331,Uy,3.99696e-05,1.14817e-06,2
331,p,4.38504e-05,3.2727e-07,5
331,omega,4.41019e-06,4.36876e-07,1
331,k,1.28627e-05,3.23601e-07,2
332,Ux,8.32841e-06,2.20381e-07,2
332,Uy,3.86596e-05,1.11796e-06,2
332,p,4.18597e-05,3.24397e-07,5
332,omega,4.31643e-06,4.26703e-07,1
332,k,1.24761e-05,3.11836e-07,2
333,Ux,8.09135e-06,2.12954e-07,2
333,Uy,3.74963e-05,1.09008e-06,2
333,p,3.99128e-05,3.19621e-07,5
333,omega,4.21333e-06,4.15989e-07,1
333,k,1.20711e-05,3.00078e-07,2
334,Ux,7.84348e-06,2.05111e-07,2
334,Uy,3.64302e-05,1.06103e-06,2
334,p,3.8197e-05,3.13989e-07,5
334,omega,4.10157e-06,4.04405e-07,1
334,k,1.1652e-05,2.88755e-07,2
335,Ux,7.58983e-06,1.97159e-07,2
335,Uy,3.5426e-05,1.03151e-06,2
335,p,3.67554e-05,3.07513e-07,5
335,omega,3.98289e-06,3.92636e-07,1
335,k,1.12293e-05,2.77606e-07,2
336,Ux,7.32222e-06,1.8924e-07,2
336,Uy,3.45337e-05,1.00064e-06,2
336,p,3.54581e-05,2.99727e-07,5
336,omega,3.86063e-06,3.80748e-07,1
336,k,1.08047e-05,2.67234e-07,2
337,Ux,7.04979e-06,1.81581e-07,2
337,Uy,3.36702e-05,9.67762e-07,2
337,p,3.42261e-05,2.90386e-07,5
337,omega,3.73366e-06,3.68774e-07,1
337,k,1.03957e-05,2.57228e-07,2
338,Ux,6.78018e-06,1.74182e-07,2
338,Uy,3.27942e-05,9.34695e-07,2
338,p,3.3146e-05,2.77336e-07,5
338,omega,3.60833e-06,3.56765e-07,1
338,k,1.00042e-05,2.48117e-07,2
339,Ux,6.51466e-06,1.67235e-07,2
339,Uy,3.18668e-05,9.01122e-07,2
339,p,3.21433e-05,2.59854e-07,5
339,omega,3.48159e-06,3.45184e-07,1
339,k,9.62188e-06,2.39626e-07,2
340,Ux,6.25611e-06,1.60648e-07,2
340,Uy,3.09111e-05,8.66951e-07,2
340,p,3.11132e-05,2.36491e-07,5
340,omega,3.35825e-06,3.33504e-07,1
340,k,9.26266e-06,2.31806e-07,2
341,Ux,6.00232e-06,1.54632e-07,2
341,Uy,2.9908e-05,8.32464e-07,2
341,p,3.02511e-05,2.08677e-07,5
341,omega,3.23789e-06,3.22526e-07,1
341,k,8.91863e-06,2.24844e-07,2
342,Ux,5.76495e-06,1.49129e-07,2
342,Uy,2.88531e-05,8.00252e-07,2
342,p,2.93382e-05,1.79235e-07,5
342,omega,3.12162e-06,3.11946e-07,1
342,k,8.60472e-06,2.18192e-07,2
343,Ux,5.53901e-06,1.44141e-07,2
343,Uy,2.77826e-05,7.68238e-07,2
343,p,2.85356e-05,1.59016e-07,5
343,omega,3.01049e-06,3.81751e-08,2
343,k,8.27651e-06,2.11321e-07,2
344,Ux,5.33944e-06,1.3987e-07,2
344,Uy,2.67373e-05,7.38022e-07,2
344,p,2.77619e-05,1.32056e-07,5
344,omega,2.84299e-06,3.59292e-08,2
344,k,7.97493e-06,2.0487e-07,2
345,Ux,5.15229e-06,1.35975e-07,2
345,Uy,2.571e-05,7.09642e-07,2
345,p,2.71585e-05,1.19628e-07,5
345,omega,2.70348e-06,2.70327e-07,1
345,k,7.74219e-06,1.9958e-07,2
346,Ux,4.98074e-06,1.32409e-07,2
346,Uy,2.4714e-05,6.84544e-07,2
346,p,2.65951e-05,1.30154e-07,5
346,omega,2.64019e-06,3.33981e-08,2
346,k,7.51025e-06,1.94218e-07,2
347,Ux,4.83539e-06,1.29189e-07,2
347,Uy,2.37407e-05,6.60788e-07,2
347,p,2.59076e-05,1.41632e-07,5
347,omega,2.51883e-06,3.16198e-08,2
347,k,7.28572e-06,1.88419e-07,2
348,Ux,4.70704e-06,1.26098e-07,2
348,Uy,2.28341e-05,6.39531e-07,2
348,p,2.51092e-05,1.48968e-07,5
348,omega,2.41613e-06,2.40971e-07,1
348,k,7.10591e-06,1.82999e-07,2
349,Ux,4.58819e-06,1.22905e-07,2
349,Uy,2.19983e-05,6.20493e-07,2
349,p,2.42746e-05,1.60827e-07,5
349,omega,2.3756e-06,2.37275e-07,1
349,k,6.94094e-06,1.77735e-07,2
350,Ux,4.47108e-06,1.19652e-07,2
350,Uy,2.12114e-05,6.03023e-07,2
350,p,2.33827e-05,1.67813e-07,5
350,omega,2.32937e-06,2.32295e-07,1
350,k,6.77214e-06,1.71974e-07,2
351,Ux,4.36182e-06,1.16225e-07,2
351,Uy,2.04677e-05,5.86963e-07,2
351,p,2.23675e-05,1.75033e-07,5
351,omega,2.27933e-06,2.26684e-07,1
351,k,6.58195e-06,1.65886e-07,2
352,Ux,4.24879e-06,1.12588e-07,2
352,Uy,1.97821e-05,5.71383e-07,2
352,p,2.13663e-05,1.69959e-07,5
352,omega,2.22519e-06,2.20722e-07,1
352,k,6.38099e-06,1.59732e-07,2
353,Ux,4.13066e-06,1.08828e-07,2
353,Uy,1.91733e-05,5.5694e-07,2
353,p,2.038e-05,1.61219e-07,5
353,omega,2.16861e-06,2.14606e-07,1
353,k,6.17312e-06,1.5367e-07,2
354,Ux,4.00661e-06,1.04878e-07,2
354,Uy,1.86195e-05,5.42041e-07,2
354,p,1.94554e-05,1.53611e-07,5
354,omega,2.1083e-06,2.08294e-07,1
354,k,5.95818e-06,1.47837e-07,2
355,Ux,3.87792e-06,1.00849e-07,2
355,Uy,1.81049e-05,5.27126e-07,2
355,p,1.8733e-05,1.49281e-07,5
355,omega,2.04625e-06,2.01991e-07,1
355,k,5.74194e-06,1.4204e-07,2
356,Ux,3.74359e-06,9.68576e-08,2
356,Uy,1.76414e-05,5.11443e-07,2
356,p,1.80553e-05,1.45522e-07,5
356,omega,1.98194e-06,1.95731e-07,1
356,k,5.52581e-06,1.36749e-07,2
357,Ux,3.60689e-06,9.297e-08,2
357,Uy,1.72005e-05,4.94859e-07,2
357,p,1.74277e-05,1.42535e-07,5
357,omega,1.91639e-06,1.89479e-07,1
357,k,5.31699e-06,1.31565e-07,2
358,Ux,3.46962e-06,8.92136e-08,2
358,Uy,1.67585e-05,4.78201e-07,2
358,p,1.68725e-05,1.38437e-07,5
358,omega,1.85132e-06,1.83195e-07,1
358,k,5.11721e-06,1.26936e-07,2
359,Ux,3.3343e-06,8.56471e-08,2
359,Uy,1.62896e-05,4.61193e-07,2
359,p,1.63695e-05,1.31433e-07,5
359,omega,1.78626e-06,1.77187e-07,1
359,k,4.92199e-06,1.22557e-07,2
360,Ux,3.20324e-06,8.2293e-08,2
360,Uy,1.58039e-05,4.43776e-07,2
360,p,1.58394e-05,1.20162e-07,5
360,omega,1.72291e-06,1.71125e-07,1
360,k,4.73774e-06,1.18565e-07,2
361,Ux,3.07446e-06,7.92037e-08,2
361,Uy,1.53002e-05,4.26369e-07,2
361,p,1.54037e-05,1.06571e-07,5
361,omega,1.66059e-06,1.65497e-07,1
361,k,4.56225e-06,1.14989e-07,2
362,Ux,2.95287e-06,7.63881e-08,2
362,Uy,1.47689e-05,4.0984e-07,2
362,p,1.49419e-05,9.15506e-08,5
362,omega,1.60089e-06,1.60014e-07,1
362,k,4.40235e-06,1.11571e-07,2
363,Ux,2.83746e-06,7.38224e-08,2
363,Uy,1.42199e-05,3.93316e-07,2
363,p,1.4535e-05,8.20567e-08,5
363,omega,1.54368e-06,1.95751e-08,2
363,k,4.23219e-06,1.08071e-07,2
364,Ux,2.73496e-06,7.16071e-08,2
364,Uy,1.36826e-05,3.77959e-07,2
364,p,1.4145e-05,6.91814e-08,5
364,omega,1.45789e-06,1.84234e-08,2
364,k,4.08042e-06,1.0476e-07,2
365,Ux,2.6397e-06,6.96365e-08,2
365,Uy,1.31603e-05,3.63286e-07,2
365,p,1.3811e-05,6.15682e-08,5
365,omega,1.386e-06,1.74639e-08,2
365,k,3.94661e-06,1.01745e-07,2
366,Ux,2.55355e-06,6.78743e-08,2
366,Uy,1.26506e-05,3.50329e-07,2
366,p,1.35166e-05,6.71512e-08,5
366,omega,1.32419e-06,1.32372e-07,1
366,k,3.84117e-06,9.9318e-08,2
367,Ux,2.47581e-06,6.61264e-08,2
367,Uy,1.2163e-05,3.38353e-07,2
367,p,1.31918e-05,7.40615e-08,5
367,omega,1.29827e-06,1.63377e-08,2
367,k,3.73527e-06,9.65611e-08,2
368,Ux,2.40996e-06,6.45477e-08,2
368,Uy,1.1696e-05,3.27615e-07,2
368,p,1.2802e-05,7.81039e-08,5
368,omega,1.24297e-06,1.24116e-07,1
368,k,3.6395e-06,9.37728e-08,2
369,Ux,2.34896e-06,6.29177e-08,2
369,Uy,1.12668e-05,3.17598e-07,2
369,p,1.23777e-05,8.48955e-08,5
369,omega,1.22073e-06,1.2205e-07,1
369,k,3.55491e-06,9.10372e-08,2
370,Ux,2.28889e-06,6.12525e-08,2
370,Uy,1.08642e-05,3.08684e-07,2
370,p,1.19251e-05,9.24745e-08,5
370,omega,1.19601e-06,1.19365e-07,1
370,k,3.4672e-06,8.80586e-08,2
371,Ux,2.23287e-06,5.95027e-08,2
371,Uy,1.04824e-05,3.00215e-07,2
371,p,1.14147e-05,9.38949e-08,5
371,omega,1.16925e-06,1.16387e-07,1
371,k,3.36965e-06,8.49347e-08,2
372,Ux,2.17524e-06,5.76795e-08,2
372,Uy,1.01262e-05,2.92249e-07,2
372,p,1.09101e-05,9.19253e-08,5
372,omega,1.1415e-06,1.1327e-07,1
372,k,3.26691e-06,8.1799e-08,2
373,Ux,2.11527e-06,5.57463e-08,2
373,Uy,9.80895e-06,2.84776e-07,2
373,p,1.04098e-05,8.74292e-08,5
373,omega,1.112e-06,1.10062e-07,1
373,k,3.16107e-06,7.86902e-08,2
374,Ux,2.05257e-06,5.37295e-08,2
374,Uy,9.52195e-06,2.77151e-07,2
374,p,9.91769e-06,8.16246e-08,5
374,omega,1.08076e-06,1.06783e-07,1
374,k,3.05091e-06,7.56986e-08,2
375,Ux,1.98636e-06,5.16787e-08,2
375,Uy,9.26127e-06,2.69707e-07,2
375,p,9.54763e-06,7.57402e-08,5
375,omega,1.04906e-06,1.03529e-07,1
375,k,2.93974e-06,7.27098e-08,2
376,Ux,1.91777e-06,4.96405e-08,2
376,Uy,9.02187e-06,2.61691e-07,2
376,p,9.20526e-06,7.16402e-08,5
376,omega,1.01581e-06,1.00285e-07,1
376,k,2.82971e-06,6.99709e-08,2
377,Ux,1.84826e-06,4.764e-08,2
377,Uy,8.79745e-06,2.53409e-07,2
377,p,8.89039e-06,6.96897e-08,5
377,omega,9.82408e-07,9.70891e-08,1
377,k,2.72248e-06,6.72974e-08,2
378,Ux,1.77801e-06,4.57043e-08,2
378,Uy,8.57465e-06,2.44973e-07,2
378,p,8.60374e-06,6.84921e-08,5
378,omega,9.48766e-07,9.38325e-08,1
378,k,2.61967e-06,6.49297e-08,2
379,Ux,1.70805e-06,4.38616e-08,2
379,Uy,8.33835e-06,2.36272e-07,2
379,p,8.34349e-06,6.67733e-08,5
379,omega,9.15351e-07,9.07281e-08,1
379,k,2.51924e-06,6.26651e-08,2
380,Ux,1.64064e-06,4.2133e-08,2
380,Uy,8.08911e-06,2.27393e-07,2
380,p,8.0788e-06,6.25114e-08,5
380,omega,8.82659e-07,8.76057e-08,1
380,k,2.42481e-06,6.0608e-08,2
381,Ux,1.57491e-06,4.05419e-08,2
381,Uy,7.83235e-06,2.18497e-07,2
381,p,7.85014e-06,5.51061e-08,5
381,omega,8.50549e-07,8.47115e-08,1
381,k,2.33416e-06,5.8749e-08,2
382,Ux,1.51215e-06,3.90767e-08,2
382,Uy,7.56485e-06,2.09978e-07,2
382,p,7.61795e-06,4.79801e-08,5
382,omega,8.19698e-07,8.18611e-08,1
382,k,2.25188e-06,5.69997e-08,2
383,Ux,1.45278e-06,3.7756e-08,2
383,Uy,7.2842e-06,2.0144e-07,2
383,p,7.41167e-06,9.88598e-08,4
383,omega,7.90429e-07,1.00104e-08,2
383,k,2.16376e-06,5.52021e-08,2
384,Ux,1.39966e-06,3.66046e-08,2
384,Uy,7.00918e-06,1.93656e-07,2
384,p,7.2154e-06,9.44388e-08,4
384,omega,7.46023e-07,9.42191e-09,2
384,k,2.08616e-06,5.3487e-08,2
385,Ux,1.35086e-06,3.55953e-08,2
385,Uy,6.74066e-06,1.86039e-07,2
385,p,7.04822e-06,9.00006e-08,4
385,omega,7.08834e-07,7.08823e-08,1
385,k,2.0236e-06,5.21396e-08,2
386,Ux,1.30455e-06,3.46338e-08,2
386,Uy,6.48447e-06,1.79532e-07,2
386,p,6.90028e-06,8.99447e-08,4
386,omega,6.92092e-07,8.75524e-09,2
386,k,1.96352e-06,5.07292e-08,2
387,Ux,1.26559e-06,3.37785e-08,2
387,Uy,6.22959e-06,1.73136e-07,2
387,p,6.73952e-06,9.38873e-08,4
387,omega,6.60156e-07,8.29243e-09,2
387,k,1.90409e-06,4.92192e-08,2
388,Ux,1.23074e-06,3.29681e-08,2
388,Uy,5.99044e-06,1.67604e-07,2
388,p,6.54848e-06,9.874e-08,4
388,omega,6.32758e-07,6.31536e-08,1
388,k,1.85558e-06,4.78629e-08,2
389,Ux,1.19917e-06,3.21419e-08,2
389,Uy,5.76748e-06,1.62352e-07,2
389,p,6.3357e-06,5.08632e-08,5
389,omega,6.22153e-07,6.21912e-08,1
389,k,1.81428e-06,4.64979e-08,2
390,Ux,1.16847e-06,3.12835e-08,2
390,Uy,5.55946e-06,1.57765e-07,2
390,p,6.10331e-06,5.36435e-08,5
390,omega,6.09757e-07,6.08797e-08,1
390,k,1.7699e-06,4.49938e-08,2
391,Ux,1.13985e-06,3.03912e-08,2
391,Uy,5.36407e-06,1.53288e-07,2
391,p,5.83734e-06,5.40046e-08,5
391,omega,5.96459e-07,5.93996e-08,1
391,k,1.72078e-06,4.34224e-08,2
392,Ux,1.11062e-06,2.94757e-08,2
392,Uy,5.17905e-06,1.49281e-07,2
392,p,5.5731e-06,5.25524e-08,5
392,omega,5.82731e-07,5.78458e-08,1
392,k,1.66923e-06,4.18507e-08,2
393,Ux,1.08055e-06,2.84963e-08,2
393,Uy,5.01445e-06,1.45437e-07,2
393,p,5.31249e-06,4.97812e-08,5
393,omega,5.67889e-07,5.62311e-08,1
393,k,1.61591e-06,4.02668e-08,2
394,Ux,1.04893e-06,2.74768e-08,2
394,Uy,4.86593e-06,1.41631e-07,2
394,p,5.05423e-06,4.59952e-08,5
394,omega,5.52207e-07,5.45704e-08,1
394,k,1.56011e-06,3.8734e-08,2
395,Ux,1.01563e-06,2.64497e-08,2
395,Uy,4.73329e-06,1.37906e-07,2
395,p,4.86351e-06,4.20965e-08,5
395,omega,5.36172e-07,5.29231e-08,1
395,k,1.50364e-06,3.72174e-08,2
396,Ux,9.80834e-07,2.54121e-08,2
396,Uy,4.61053e-06,1.33814e-07,2
396,p,4.6918e-06,9.6618e-08,4
396,omega,5.1933e-07,5.12786e-08,1
396,k,1.44775e-06,3.57975e-08,2
397,Ux,9.45543e-07,2.43923e-08,2
397,Uy,4.49671e-06,1.29712e-07,2
397,p,4.53944e-06,8.93367e-08,4
397,omega,5.02453e-07,4.96526e-08,1
397,k,1.39322e-06,3.4446e-08,2
398,Ux,9.09905e-07,2.34051e-08,2
398,Uy,4.38507e-06,1.25451e-07,2
398,p,4.39464e-06,8.32873e-08,4
398,omega,4.85271e-07,4.79946e-08,1
398,k,1.34048e-06,3.32255e-08,2
399,Ux,8.74259e-07,2.24624e-08,2
399,Uy,4.26481e-06,1.2098e-07,2
399,p,4.26254e-06,7.69698e-08,4
399,omega,4.68243e-07,4.63986e-08,1
399,k,1.28935e-06,3.20617e-08,2
400,Ux,8.3985e-07,2.15764e-08,2
400,Uy,4.13708e-06,1.16441e-07,2
400,p,4.13118e-06,7.1559e-08,4
400,omega,4.51598e-07,4.4816e-08,1
400,k,1.24113e-06,3.10193e-08,2
401,Ux,8.06414e-07,2.07609e-08,2
401,Uy,4.00485e-06,1.11876e-07,2
401,p,4.00947e-06,6.64982e-08,4
401,omega,4.35322e-07,4.33379e-08,1
401,k,1.1949e-06,3.00481e-08,2
402,Ux,7.74404e-07,2.00079e-08,2
402,Uy,3.86866e-06,1.07492e-07,2
402,p,3.88925e-06,6.16252e-08,4
402,omega,4.19598e-07,4.18687e-08,1
402,k,1.15274e-06,2.91534e-08,2
403,Ux,7.44185e-07,1.93282e-08,2
403,Uy,3.72703e-06,1.03097e-07,2
403,p,3.78686e-06,5.56073e-08,4
403,omega,4.0467e-07,5.11736e-09,2
403,k,1.10781e-06,2.8234e-08,2
404,Ux,7.16521e-07,1.87256e-08,2
404,Uy,3.58766e-06,9.91502e-08,2
404,p,3.69011e-06,4.96458e-08,4
404,omega,3.81811e-07,4.81835e-09,2
404,k,1.06781e-06,2.73485e-08,2
405,Ux,6.91289e-07,1.8202e-08,2
405,Uy,3.45079e-06,9.52507e-08,2
405,p,3.60454e-06,4.47933e-08,4
405,omega,3.62697e-07,3.62575e-08,1
405,k,1.03525e-06,2.66673e-08,2
406,Ux,6.67379e-07,1.77035e-08,2
406,Uy,3.32113e-06,9.19301e-08,2
406,p,3.5283e-06,4.52548e-08,4
406,omega,3.54098e-07,4.47749e-09,2
406,k,1.00439e-06,2.59424e-08,2
407,Ux,6.47466e-07,1.72625e-08,2
407,Uy,3.19223e-06,8.86287e-08,2
407,p,3.44589e-06,4.84784e-08,4
407,omega,3.37651e-07,4.2418e-09,2
407,k,9.73955e-07,2.51662e-08,2
408,Ux,6.29362e-07,1.68497e-08,2
408,Uy,3.07021e-06,8.57635e-08,2
408,p,3.34895e-06,5.21929e-08,4
408,omega,3.23534e-07,3.2303e-08,1
408,k,9.48969e-07,2.44859e-08,2
409,Ux,6.13173e-07,1.64263e-08,2
409,Uy,2.95539e-06,8.30294e-08,2
409,p,3.24286e-06,5.52611e-08,4
409,omega,3.1813e-07,3.18032e-08,1
409,k,9.27743e-07,2.37894e-08,2
410,Ux,5.97455e-07,1.59974e-08,2
410,Uy,2.84761e-06,8.06869e-08,2
410,p,3.12941e-06,5.91367e-08,4
410,omega,3.11713e-07,3.11285e-08,1
410,k,9.04942e-07,2.30219e-08,2
411,Ux,5.82764e-07,1.55534e-08,2
411,Uy,2.74736e-06,7.83512e-08,2
411,p,2.99622e-06,6.16083e-08,4
411,omega,3.04901e-07,3.03784e-08,1
411,k,8.7996e-07,2.22197e-08,2
412,Ux,5.67821e-07,1.50889e-08,2
412,Uy,2.6516e-06,7.6326e-08,2
412,p,2.86184e-06,6.32947e-08,4
412,omega,2.97846e-07,2.95782e-08,1
412,k,8.53805e-07,2.14177e-08,2
413,Ux,5.52542e-07,1.45897e-08,2
413,Uy,2.56549e-06,7.43173e-08,2
413,p,2.72996e-06,6.36819e-08,4
413,omega,2.90269e-07,2.87441e-08,1
413,k,8.26594e-07,2.06055e-08,2
414,Ux,5.36368e-07,1.40657e-08,2
414,Uy,2.48779e-06,7.23912e-08,2
414,p,2.59507e-06,6.26463e-08,4
414,omega,2.82312e-07,2.78976e-08,1
414,k,7.98056e-07,1.98104e-08,2
415,Ux,5.19566e-07,1.35393e-08,2
415,Uy,2.41887e-06,7.04869e-08,2
415,p,2.49298e-06,6.04426e-08,4
415,omega,2.74158e-07,2.70534e-08,1
415,k,7.69469e-07,1.90415e-08,2
416,Ux,5.01915e-07,1.30055e-08,2
416,Uy,2.35572e-06,6.83939e-08,2
416,p,2.40228e-06,5.74455e-08,4
416,omega,2.6554e-07,2.6212e-08,1
416,k,7.4074e-07,1.83099e-08,2
417,Ux,4.83864e-07,1.24802e-08,2
417,Uy,2.29654e-06,6.62922e-08,2
417,p,2.32298e-06,9.92738e-08,3
417,omega,2.56783e-07,2.53594e-08,1
417,k,7.12569e-07,1.7612e-08,2
418,Ux,4.65746e-07,1.19818e-08,2
418,Uy,2.24077e-06,6.41281e-08,2
418,p,2.2522e-06,9.16063e-08,3
418,omega,2.47996e-07,2.45159e-08,1
418,k,6.85465e-07,1.69785e-08,2
419,Ux,4.4769e-07,1.15074e-08,2
419,Uy,2.17973e-06,6.18195e-08,2
419,p,2.18813e-06,8.57595e-08,3
419,omega,2.3937e-07,2.3696e-08,1
419,k,6.59279e-07,1.63784e-08,2
420,Ux,4.30008e-07,1.10541e-08,2
420,Uy,2.1151e-06,5.95217e-08,2
420,p,2.12597e-06,8.08003e-08,3
420,omega,2.30823e-07,2.28955e-08,1
420,k,6.34547e-07,1.58445e-08,2
421,Ux,4.12744e-07,1.06274e-08,2
421,Uy,2.04816e-06,5.72029e-08,2
421,p,2.06527e-06,7.5516e-08,3
421,omega,2.225e-07,2.2132e-08,1
421,k,6.10837e-07,1.53422e-08,2
422,Ux,3.96206e-07,1.02311e-08,2
422,Uy,1.97919e-06,5.5e-08,2
422,p,2.00343e-06,6.94057e-08,3
422,omega,2.14408e-07,2.13792e-08,1
422,k,5.89051e-07,1.48775e-08,2
423,Ux,3.80566e-07,9.86933e-09,2
423,Uy,1.90861e-06,5.27838e-08,2
423,p,1.94551e-06,6.37486e-08,3
423,omega,2.06708e-07,2.60986e-09,2
423,k,5.6599e-07,1.44044e-08,2
424,Ux,3.66209e-07,9.55373e-09,2
424,Uy,1.83848e-06,5.07899e-08,2
424,p,1.89076e-06,5.88587e-08,3
424,omega,1.94918e-07,1.94831e-08,1
424,k,5.4715e-07,1.39976e-08,2
425,Ux,3.52578e-07,9.26644e-09,2
425,Uy,1.7694e-06,4.88158e-08,2
425,p,1.84557e-06,5.55455e-08,3
425,omega,1.89243e-07,2.40022e-09,2
425,k,5.28588e-07,1.36014e-08,2
426,Ux,3.40588e-07,9.02303e-09,2
426,Uy,1.7008e-06,4.70158e-08,2
426,p,1.80427e-06,5.44057e-08,3
426,omega,1.79619e-07,2.26469e-09,2
426,k,5.1127e-07,1.32011e-08,2
427,Ux,3.30229e-07,8.79816e-09,2
427,Uy,1.6335e-06,4.52611e-08,2
427,p,1.75973e-06,5.5787e-08,3
427,omega,1.71459e-07,1.71443e-08,1
427,k,4.97701e-07,1.28578e-08,2
428,Ux,3.20544e-07,8.58182e-09,2
428,Uy,1.56959e-06,4.37581e-08,2
428,p,1.71186e-06,5.97727e-08,3
428,omega,1.67975e-07,2.11035e-09,2
428,k,4.83722e-07,1.24818e-08,2
429,Ux,3.12571e-07,8.37672e-09,2
429,Uy,1.50811e-06,4.22774e-08,2
429,p,1.65387e-06,6.2574e-08,3
429,omega,1.60845e-07,1.60481e-08,1
429,k,4.71595e-07,1.21029e-08,2
430,Ux,3.04596e-07,8.15825e-09,2
430,Uy,1.45077e-06,4.10544e-08,2
430,p,1.59272e-06,6.49524e-08,3
430,omega,1.57906e-07,1.57469e-08,1
430,k,4.60376e-07,1.17254e-08,2
431,Ux,2.97125e-07,7.93074e-09,2
431,Uy,1.3986e-06,3.98488e-08,2
431,p,1.51882e-06,6.56735e-08,3
431,omega,1.54678e-07,1.53968e-08,1
431,k,4.48028e-07,1.13255e-08,2
432,Ux,2.8957e-07,7.69054e-09,2
432,Uy,1.34977e-06,3.88175e-08,2
432,p,1.4455e-06,6.4309e-08,3
432,omega,1.51249e-07,1.50076e-08,1
432,k,4.34926e-07,1.09184e-08,2
433,Ux,2.81827e-07,7.43609e-09,2
433,Uy,1.30605e-06,3.77812e-08,2
433,p,1.37725e-06,6.1713e-08,3
433,omega,1.47505e-07,1.45953e-08,1
433,k,4.21209e-07,1.05075e-08,2
434,Ux,2.73534e-07,7.1698e-09,2
434,Uy,1.26637e-06,3.68002e-08,2
434,p,1.31283e-06,5.82684e-08,3
434,omega,1.43492e-07,1.4174e-08,1
434,k,4.06716e-07,1.00968e-08,2
435,Ux,2.6493e-07,6.9007e-09,2
435,Uy,1.23061e-06,3.58266e-08,2
435,p,1.26228e-06,5.44406e-08,3
435,omega,1.39384e-07,1.37477e-08,1
435,k,3.92269e-07,9.70512e-09,2
436,Ux,2.55947e-07,6.62939e-09,2
436,Uy,1.19804e-06,3.47571e-08,2
436,p,1.21838e-06,5.07133e-08,3
436,omega,1.35027e-07,1.33212e-08,1
436,k,3.77562e-07,9.33025e-09,2
437,Ux,2.46708e-07,6.35914e-09,2
437,Uy,1.1674e-06,3.36806e-08,2
437,p,1.17823e-06,4.73032e-08,3
437,omega,1.30649e-07,1.28969e-08,1
437,k,3.63246e-07,8.97511e-09,2
438,Ux,2.3741e-07,6.09835e-09,2
438,Uy,1.13824e-06,3.2573e-08,2
438,p,1.14054e-06,4.40989e-08,3
438,omega,1.26177e-07,1.24673e-08,1
438,k,3.49345e-07,8.64931e-09,2
439,Ux,2.28149e-07,5.84779e-09,2
439,Uy,1.10745e-06,3.14083e-08,2
439,p,1.10506e-06,4.1355e-08,3
439,omega,1.2182e-07,1.20471e-08,1
439,k,3.35883e-07,8.33788e-09,2
440,Ux,2.19114e-07,5.61493e-09,2
440,Uy,1.07491e-06,3.02553e-08,2
440,p,1.07093e-06,3.89193e-08,3
440,omega,1.17448e-07,1.16386e-08,1
440,k,3.23229e-07,8.06241e-09,2
441,Ux,2.10296e-07,5.39633e-09,2
441,Uy,1.0415e-06,2.90752e-08,2
441,p,1.03783e-06,3.65032e-08,3
441,omega,1.13171e-07,1.12444e-08,1
441,k,3.11058e-07,7.80234e-09,2
442,Ux,2.01827e-07,5.19649e-09,2
442,Uy,1.00611e-06,2.7937e-08,2
442,p,1.00522e-06,9.77741e-08,2
442,omega,1.08987e-07,1.08562e-08,1
442,k,2.99627e-07,7.55871e-09,2
443,Ux,1.93725e-07,5.00904e-09,2
443,Uy,9.70141e-07,2.67948e-08,2
443,p,9.80533e-07,9.52279e-08,2
443,omega,1.04993e-07,1.04987e-08,1
443,k,2.89032e-07,7.34242e-09,2
444,Ux,1.86289e-07,4.84961e-09,2
444,Uy,9.34151e-07,2.57634e-08,2
444,p,9.60533e-07,9.33173e-08,2
444,omega,1.01249e-07,1.28423e-09,2
444,k,2.78439e-07,7.10644e-09,2
445,Ux,1.79446e-07,4.71114e-09,2
445,Uy,8.97712e-07,2.47262e-08,2
445,p,9.43265e-07,9.1377e-08,2
445,omega,9.56156e-08,9.57373e-09,1
445,k,2.69148e-07,6.91376e-09,2
446,Ux,1.73015e-07,4.5795e-09,2
446,Uy,8.62642e-07,2.38173e-08,2
446,p,9.27004e-07,8.94528e-08,2
446,omega,9.28898e-08,9.33735e-09,1
446,k,2.61416e-07,6.7387e-09,2
447,Ux,1.67346e-07,4.45726e-09,2
447,Uy,8.29306e-07,2.29534e-08,2
447,p,9.06776e-07,8.79884e-08,2
447,omega,9.01644e-08,9.08149e-09,1
447,k,2.53976e-07,6.5548e-09,2
448,Ux,1.62233e-07,4.34244e-09,2
448,Uy,7.97515e-07,2.21929e-08,2
448,p,8.80001e-07,8.68277e-08,2
448,omega,8.75273e-08,8.82816e-09,1
448,k,2.46752e-07,6.36369e-09,2
449,Ux,1.5782e-07,4.22921e-09,2
449,Uy,7.67369e-07,2.1453e-08,2
449,p,8.4737e-07,8.64354e-08,2
449,omega,8.51488e-08,8.56854e-09,1
449,k,2.40033e-07,6.15811e-09,2
450,Ux,1.53759e-07,4.11657e-09,2
450,Uy,7.38113e-07,2.08025e-08,2
450,p,8.13421e-07,8.61251e-08,2
450,omega,8.27781e-08,8.31012e-09,1
450,k,2.33444e-07,5.94228e-09,2
451,Ux,1.49906e-07,4.00141e-09,2
451,Uy,7.1094e-07,2.01547e-08,2
451,p,7.75645e-07,8.60578e-08,2
451,omega,8.05015e-08,8.04878e-09,1
451,k,2.26696e-07,5.72491e-09,2
452,Ux,1.46122e-07,3.88094e-09,2
452,Uy,6.85294e-07,1.95919e-08,2
452,p,7.38497e-07,8.57282e-08,2
452,omega,7.82912e-08,7.79304e-09,1
452,k,2.19714e-07,5.50634e-09,2
453,Ux,1.42299e-07,3.75331e-09,2
453,Uy,6.61856e-07,1.90365e-08,2
453,p,7.04152e-07,8.46318e-08,2
453,omega,7.60234e-08,7.5354e-09,1
453,k,2.1258e-07,5.29065e-09,2
454,Ux,1.38239e-07,3.62058e-09,2
454,Uy,6.40703e-07,1.85319e-08,2
454,p,6.72571e-07,8.25776e-08,2
454,omega,7.37259e-08,7.28835e-09,1
454,k,2.05091e-07,5.07576e-09,2
455,Ux,1.33979e-07,3.48483e-09,2
455,Uy,6.21718e-07,1.80438e-08,2
455,p,6.46778e-07,7.96215e-08,2
455,omega,7.14085e-08,7.04268e-09,1
455,k,1.9767e-07,4.87516e-09,2
456,Ux,1.29553e-07,3.34862e-09,2
456,Uy,6.04754e-07,1.75211e-08,2
456,p,6.24161e-07,7.64314e-08,2
456,omega,6.90273e-08,6.80332e-09,1
456,k,1.90148e-07,4.68151e-09,2
457,Ux,1.24936e-07,3.21164e-09,2
457,Uy,5.89136e-07,1.6994e-08,2
457,p,6.03522e-07,7.26688e-08,2
457,omega,6.66681e-08,6.57296e-09,1
457,k,1.82848e-07,4.50104e-09,2
458,Ux,1.20244e-07,3.07996e-09,2
458,Uy,5.74706e-07,1.64413e-08,2
458,p,5.83795e-07,6.86996e-08,2
458,omega,6.42794e-08,6.34211e-09,1
458,k,1.75776e-07,4.33358e-09,2
459,Ux,1.15577e-07,2.95213e-09,2
459,Uy,5.59776e-07,1.58601e-08,2
459,p,5.65668e-07,6.47438e-08,2
459,omega,6.19899e-08,6.1195e-09,1
459,k,1.68938e-07,4.17562e-09,2
460,Ux,1.10982e-07,2.8339e-09,2
460,Uy,5.43709e-07,1.52755e-08,2
460,p,5.48639e-07,6.16267e-08,2
460,omega,5.9682e-08,5.90439e-09,1
460,k,1.62493e-07,4.03567e-09,2
461,Ux,1.06449e-07,2.7213e-09,2
461,Uy,5.27102e-07,1.46776e-08,2
461,p,5.33019e-07,5.8564e-08,2
461,omega,5.74311e-08,5.69612e-09,1
461,k,1.56383e-07,3.90319e-09,2
462,Ux,1.02077e-07,2.6193e-09,2
462,Uy,5.09305e-07,1.40918e-08,2
462,p,5.18052e-07,5.56353e-08,2
462,omega,5.52568e-08,5.49197e-09,1
462,k,1.50603e-07,3.7831e-09,2
463,Ux,9.78799e-08,2.52529e-09,2
463,Uy,4.90893e-07,1.35102e-08,2
463,p,5.03822e-07,5.26116e-08,2
463,omega,5.31636e-08,5.30233e-09,1
463,k,1.4518e-07,3.67247e-09,2
464,Ux,9.39637e-08,2.43979e-09,2
464,Uy,4.72597e-07,1.29699e-08,2
464,p,4.89378e-07,4.97512e-08,2
464,omega,5.11717e-08,5.12301e-09,1
464,k,1.40252e-07,3.56769e-09,2
465,Ux,9.03488e-08,2.36392e-09,2
465,Uy,4.54299e-07,1.24401e-08,2
465,p,4.74908e-07,4.71828e-08,2
465,omega,4.93266e-08,4.95634e-09,1
465,k,1.35531e-07,3.47083e-09,2
466,Ux,8.7076e-08,2.29492e-09,2
466,Uy,4.35995e-07,1.19525e-08,2
466,p,4.6043e-07,4.49634e-08,2
466,omega,4.76585e-08,4.79509e-09,1
466,k,1.3125e-07,3.37451e-09,2
467,Ux,8.41801e-08,2.23281e-09,2
467,Uy,4.18171e-07,1.14825e-08,2
467,p,4.47231e-07,4.33426e-08,2
467,omega,4.60565e-08,4.64212e-09,1
467,k,1.27262e-07,3.27743e-09,2
468,Ux,8.16207e-08,2.17476e-09,2
468,Uy,4.00919e-07,1.10592e-08,2
468,p,4.31484e-07,4.22382e-08,2
468,omega,4.4584e-08,4.4955e-09,1
468,k,1.23564e-07,3.17847e-09,2
469,Ux,7.93755e-08,2.119e-09,2
469,Uy,3.84474e-07,1.06611e-08,2
469,p,4.1428e-07,4.18439e-08,2
469,omega,4.32268e-08,4.34998e-09,1
469,k,1.20089e-07,3.07329e-09,2
470,Ux,7.73362e-08,2.06249e-09,2
470,Uy,3.6895e-07,1.03183e-08,2
470,p,3.98101e-07,4.17573e-08,2
470,omega,4.19248e-08,4.20743e-09,1
470,k,1.16679e-07,2.96399e-09,2
471,Ux,7.53285e-08,2.0048e-09,2
471,Uy,3.54679e-07,9.99427e-09,2
471,p,3.80868e-07,4.16229e-08,2
471,omega,4.06767e-08,4.06591e-09,1
471,k,1.13282e-07,2.85429e-09,2
472,Ux,7.34013e-08,1.94418e-09,2
472,Uy,3.41687e-07,9.72012e-09,2
472,p,3.638e-07,4.14911e-08,2
472,omega,3.94914e-08,3.92729e-09,1
472,k,1.09757e-07,2.74319e-09,2
473,Ux,7.14545e-08,1.87894e-09,2
473,Uy,3.30077e-07,9.45769e-09,2
473,p,3.47157e-07,9.90345e-08,1
473,omega,3.80421e-08,3.7551e-09,1
473,k,1.05302e-07,2.60848e-09,2
474,Ux,6.95018e-08,1.83706e-09,2
474,Uy,3.15729e-07,9.06838e-09,2
474,p,3.39809e-07,4.51635e-08,2
474,omega,3.6951e-08,3.64806e-09,1
474,k,1.02287e-07,2.5267e-09,2
475,Ux,6.7181e-08,9.93481e-09,1
475,Uy,3.08093e-07,8.90147e-09,2
475,p,3.13358e-07,4.23718e-08,2
475,omega,3.5485e-08,3.4771e-09,1
475,k,9.76049e-08,2.40058e-09,2
476,Ux,6.51875e-08,9.58279e-09,1
476,Uy,2.94982e-07,8.50323e-09,2
476,p,2.95404e-07,9.58867e-08,1
476,omega,3.38257e-08,3.29747e-09,1
476,k,9.25118e-08,2.26551e-09,2
477,Ux,6.32393e-08,9.33262e-09,1
477,Uy,2.77317e-07,7.91166e-09,2
477,p,2.874e-07,9.81592e-08,1
477,omega,3.22639e-08,3.14342e-09,1
477,k,8.83723e-08,2.16718e-09,2
478,Ux,6.10875e-08,9.04616e-09,1
478,Uy,2.61358e-07,7.34253e-09,2
478,p,2.81098e-07,9.92057e-08,1
478,omega,3.07594e-08,3.00307e-09,1
478,k,8.4521e-08,2.07864e-09,2
479,Ux,5.87758e-08,8.70698e-09,1
479,Uy,2.49029e-07,6.88599e-09,2
479,p,2.75201e-07,9.68217e-08,1
479,omega,2.94534e-08,2.87929e-09,1
479,k,8.11092e-08,1.99985e-09,2
480,Ux,5.63746e-08,8.34295e-09,1
480,Uy,2.4131e-07,6.597e-09,2
480,p,2.66293e-07,9.23819e-08,1
480,omega,2.82704e-08,2.76892e-09,1
480,k,7.79481e-08,1.92905e-09,2
481,Ux,5.40203e-08,7.9786e-09,1
481,Uy,2.36939e-07,6.43849e-09,2
481,p,2.56423e-07,8.63846e-08,1
481,omega,2.71594e-08,2.66209e-09,1
481,k,7.5003e-08,1.86403e-09,2
482,Ux,5.16904e-08,7.63485e-09,1
482,Uy,2.3329e-07,6.33013e-09,2
482,p,2.45353e-07,7.93479e-08,1
482,omega,2.60883e-08,2.56204e-09,1
482,k,7.21387e-08,1.8054e-09,2
483,Ux,4.95192e-08,7.31371e-09,1
483,Uy,2.28397e-07,6.21008e-09,2
483,p,2.35352e-07,7.23491e-08,1
483,omega,2.50673e-08,2.46513e-09,1
483,k,6.94722e-08,1.74823e-09,2
484,Ux,4.74721e-08,7.03322e-09,1
484,Uy,2.22007e-07,6.02791e-09,2
484,p,2.27942e-07,6.65914e-08,1
484,omega,2.40872e-08,2.37183e-09,1
484,k,6.6934e-08,1.69672e-09,2
485,Ux,4.55801e-08,6.77956e-09,1
485,Uy,2.14388e-07,5.80866e-09,2
485,p,2.23055e-07,6.3056e-08,1
485,omega,2.31409e-08,2.28277e-09,1
485,k,6.46388e-08,9.82626e-09,1
486,Ux,4.39038e-08,6.57024e-09,1
486,Uy,2.05377e-07,5.53505e-09,2
486,p,2.19131e-07,6.16069e-08,1
486,omega,2.21195e-08,2.18912e-09,1
486,k,6.31352e-08,9.64523e-09,1
487,Ux,4.23883e-08,6.3769e-09,1
487,Uy,1.96052e-07,5.2671e-09,2
487,p,2.14985e-07,6.13158e-08,1
487,omega,2.1194e-08,2.10367e-09,1
487,k,6.17386e-08,9.45271e-09,1
488,Ux,4.10133e-08,6.20235e-09,1
488,Uy,1.86671e-07,5.00348e-09,2
488,p,2.10235e-07,6.13741e-08,1
488,omega,2.03631e-08,2.02402e-09,1
488,k,6.03435e-08,9.26609e-09,1
489,Ux,3.97918e-08,6.03651e-09,1
489,Uy,1.77894e-07,4.77445e-09,2
489,p,2.04085e-07,6.10593e-08,1
489,omega,1.96239e-08,1.95125e-09,1
489,k,5.90356e-08,9.07004e-09,1
490,Ux,3.87118e-08,5.88275e-09,1
490,Uy,1.69948e-07,4.57413e-09,2
490,p,1.96864e-07,6.00986e-08,1
490,omega,1.89652e-08,1.8811e-09,1
490,k,5.7753e-08,8.87673e-09,1
491,Ux,3.77413e-08,5.73154e-09,1
491,Uy,1.62902e-07,4.40282e-09,2
491,p,1.89702e-07,5.86105e-08,1
491,omega,1.83655e-08,1.81681e-09,1
491,k,5.65758e-08,8.6667e-09,1
492,Ux,3.6825e-08,5.58037e-09,1
492,Uy,1.56648e-07,4.27113e-09,2
492,p,1.81222e-07,5.60917e-08,1
492,omega,1.78091e-08,1.75547e-09,1
492,k,5.53471e-08,8.44696e-09,1
493,Ux,3.59826e-08,5.43064e-09,1
493,Uy,1.51103e-07,4.15611e-09,2
493,p,1.72016e-07,5.31279e-08,1
493,omega,1.72735e-08,1.69586e-09,1
493,k,5.40083e-08,8.21774e-09,1
494,Ux,3.51184e-08,5.27479e-09,1
494,Uy,1.46327e-07,4.06625e-09,2
494,p,1.62215e-07,5.00907e-08,1
494,omega,1.67554e-08,1.63883e-09,1
494,k,5.26158e-08,7.97135e-09,1
495,Ux,3.42176e-08,5.11621e-09,1
495,Uy,1.42305e-07,3.97995e-09,2
495,p,1.53048e-07,4.70556e-08,1
495,omega,1.62442e-08,1.58288e-09,1
495,k,5.11001e-08,7.72125e-09,1
496,Ux,3.32501e-08,4.94756e-09,1
496,Uy,1.38539e-07,3.89816e-09,2
496,p,1.45132e-07,4.45831e-08,1
496,omega,1.57307e-08,1.52998e-09,1
496,k,4.95307e-08,7.46124e-09,1
497,Ux,3.22037e-08,4.77623e-09,1
497,Uy,1.34944e-07,3.81189e-09,2
497,p,1.38603e-07,4.28898e-08,1
497,omega,1.52102e-08,1.47743e-09,1
497,k,4.79502e-08,7.20203e-09,1
498,Ux,3.1107e-08,4.6038e-09,1
498,Uy,1.31513e-07,3.70631e-09,2
498,p,1.33584e-07,4.18186e-08,1
498,omega,1.46789e-08,1.42471e-09,1
498,k,4.63064e-08,6.94969e-09,1
499,Ux,2.99818e-08,4.4295e-09,1
499,Uy,1.28285e-07,3.58967e-09,2
499,p,1.29263e-07,4.11763e-08,1
499,omega,1.4146e-08,1.37373e-09,1
499,k,4.47185e-08,6.70275e-09,1
500,Ux,2.88718e-08,4.25701e-09,1
500,Uy,1.25132e-07,3.45888e-09,2
500,p,1.25023e-07,4.05198e-08,1
500,omega,1.36182e-08,1.32385e-09,1
500,k,4.31433e-08,6.46118e-09,1
501,Ux,2.77548e-08,4.08339e-09,1
501,Uy,1.21536e-07,3.31798e-09,2
501,p,1.20851e-07,3.96404e-08,1
501,omega,1.31057e-08,1.27515e-09,1
501,k,4.16056e-08,6.23619e-09,1
502,Ux,2.66439e-08,3.91282e-09,1
502,Uy,1.17611e-07,3.17332e-09,2
502,p,1.16706e-07,3.83665e-08,1
502,omega,1.26083e-08,1.22796e-09,1
502,k,4.01198e-08,6.0192e-09,1
503,Ux,2.55585e-08,3.74606e-09,1
503,Uy,1.13479e-07,3.03024e-09,2
503,p,1.12242e-07,3.65357e-08,1
503,omega,1.21221e-08,1.18322e-09,1
503,k,3.86934e-08,5.81817e-09,1
504,Ux,2.4483e-08,3.58963e-09,1
504,Uy,1.09144e-07,2.88971e-09,2
504,p,1.0754e-07,3.42808e-08,1
504,omega,1.16626e-08,1.14019e-09,1
504,k,3.73297e-08,5.62293e-09,1
505,Ux,2.34719e-08,3.44279e-09,1
505,Uy,1.04769e-07,2.7602e-09,2
505,p,1.02906e-07,3.18332e-08,1
505,omega,1.12208e-08,1.09932e-09,1
505,k,3.59838e-08,5.4424e-09,1
506,Ux,2.25067e-08,3.30941e-09,1
506,Uy,1.00622e-07,2.63603e-09,2
506,p,9.84289e-08,9.84289e-08,0
506,omega,1.07488e-08,1.04845e-09,1
506,k,3.53934e-08,5.25646e-09,1
507,Ux,2.19736e-08,3.28431e-09,1
507,Uy,9.57108e-08,2.5471e-09,2
507,p,1.27942e-07,3.88428e-08,1
507,omega,1.05292e-08,1.02049e-09,1
507,k,3.37625e-08,5.09979e-09,1
508,Ux,2.07941e-08,3.10574e-09,1
508,Uy,9.18123e-08,2.38873e-09,2
508,p,1.1808e-07,3.80328e-08,1
508,omega,9.90445e-09,9.90445e-09,0
508,k,3.30166e-08,5.02909e-09,1
509,Ux,1.98346e-08,2.95718e-09,1
509,Uy,8.86558e-08,2.26287e-09,2
509,p,1.06938e-07,3.47145e-08,1
509,omega,1.1775e-08,1.13941e-09,1
509,k,3.20087e-08,4.89984e-09,1
510,Ux,1.91787e-08,2.85812e-09,1
510,Uy,8.46408e-08,2.14541e-09,2
510,p,9.56413e-08,9.56413e-08,0
510,omega,1.07457e-08,1.04853e-09,1
510,k,3.13256e-08,4.70814e-09,1
511,Ux,1.88887e-08,2.85406e-09,1
511,Uy,7.98186e-08,2.07603e-09,2
511,p,1.17211e-07,3.64456e-08,1
511,omega,1.02418e-08,9.97087e-10,1
511,k,2.97652e-08,4.55344e-09,1
512,Ux,1.81112e-08,2.72687e-09,1
512,Uy,7.52241e-08,1.94564e-09,2
512,p,1.03023e-07,3.20073e-08,1
512,omega,9.49235e-09,9.49235e-09,0
512,k,2.91919e-08,4.48803e-09,1
513,Ux,1.7528e-08,2.62767e-09,1
513,Uy,7.20471e-08,1.86842e-09,2
513,p,8.96213e-08,8.96213e-08,0
513,omega,1.10231e-08,1.0655e-09,1
513,k,2.88929e-08,4.35884e-09,1
514,Ux,1.7309e-08,2.61841e-09,1
514,Uy,6.82526e-08,1.8224e-09,2
514,p,1.07238e-07,3.18445e-08,1
514,omega,1.02228e-08,9.90939e-10,1
514,k,2.74073e-08,4.18131e-09,1
515,Ux,1.67224e-08,2.50818e-09,1
515,Uy,6.53677e-08,9.69541e-09,1
515,p,9.31549e-08,9.31549e-08,0
515,omega,9.28623e-09,9.28623e-09,0
515,k,2.70778e-08,4.06826e-09,1
516,Ux,1.63202e-08,2.46716e-09,1
516,Uy,6.31781e-08,9.54446e-09,1
516,p,1.10884e-07,3.41658e-08,1
516,omega,1.07148e-08,1.02874e-09,1
516,k,2.61192e-08,3.93287e-09,1
517,Ux,1.56956e-08,2.33565e-09,1
517,Uy,6.45488e-08,9.71557e-09,1
517,p,9.30736e-08,9.30736e-08,0
517,omega,9.60966e-09,9.60966e-09,0
517,k,2.54291e-08,3.78289e-09,1
518,Ux,1.51957e-08,2.27737e-09,1
518,Uy,6.2829e-08,9.6115e-09,1
518,p,1.07844e-07,3.60624e-08,1
518,omega,1.09177e-08,1.03599e-09,1
518,k,2.43772e-08,3.63177e-09,1
519,Ux,1.45698e-08,2.13775e-09,1
519,Uy,6.40582e-08,9.70627e-09,1
519,p,8.81176e-08,8.81176e-08,0
519,omega,9.6705e-09,9.6705e-09,0
519,k,2.3613e-08,3.47976e-09,1
520,Ux,1.40205e-08,2.07402e-09,1
520,Uy,6.25336e-08,9.61078e-09,1
520,p,9.98705e-08,9.98705e-08,0
520,omega,1.07734e-08,1.00384e-09,1
520,k,2.24381e-08,3.30511e-09,1
521,Ux,1.36256e-08,2.03579e-09,1
521,Uy,6.11418e-08,9.44553e-09,1
521,p,1.15614e-07,4.33934e-08,1
521,omega,9.61843e-09,9.61843e-09,0
521,k,2.17667e-08,3.18587e-09,1
522,Ux,1.27423e-08,1.84327e-09,1
522,Uy,5.87226e-08,8.89488e-09,1
522,p,9.28961e-08,9.28961e-08,0
522,omega,1.04831e-08,9.7361e-10,1
522,k,2.0646e-08,3.00964e-09,1
523,Ux,1.23267e-08,1.80668e-09,1
523,Uy,5.72838e-08,8.69749e-09,1
523,p,1.03098e-07,4.04552e-08,1
523,omega,9.38559e-09,9.38559e-09,0
523,k,1.98473e-08,2.89943e-09,1
524,Ux,1.16268e-08,1.65369e-09,1
524,Uy,5.43784e-08,8.05964e-09,1
524,p,8.00821e-08,8.00821e-08,0
524,omega,1.01516e-08,9.4231e-10,1
524,k,1.8759e-08,2.73368e-09,1
525,Ux,1.11705e-08,1.60943e-09,1
525,Uy,5.26373e-08,7.80025e-09,1
525,p,8.58296e-08,8.58296e-08,0
525,omega,8.83029e-09,8.83029e-09,0
525,k,1.78869e-08,2.62374e-09,1
526,Ux,1.06876e-08,1.55829e-09,1
526,Uy,5.10441e-08,7.56503e-09,1
526,p,9.42912e-08,9.42912e-08,0
526,omega,9.67403e-09,9.67403e-09,0
526,k,1.75834e-08,2.58174e-09,1
527,Ux,1.02579e-08,1.51538e-09,1
527,Uy,4.92691e-08,7.31676e-09,1
527,p,1.05906e-07,4.06362e-08,1
527,omega,1.06495e-08,9.69851e-10,1
527,k,1.67751e-08,2.44749e-09,1
528,Ux,9.67855e-09,9.67855e-09,0
528,Uy,4.49564e-08,6.49428e-09,1
528,p,7.7015e-08,7.7015e-08,0
528,omega,8.62141e-09,8.62141e-09,0
528,k,1.5573e-08,2.28874e-09,1
529,Ux,9.75783e-09,9.75783e-09,0
529,Uy,4.28265e-08,6.2456e-09,1
529,p,8.49654e-08,8.49654e-08,0
529,omega,9.08037e-09,9.08037e-09,0
529,k,1.4927e-08,2.22213e-09,1
530,Ux,9.84931e-09,9.84931e-09,0
530,Uy,4.08085e-08,6.00131e-09,1
530,p,9.68628e-08,9.68628e-08,0
530,omega,9.53767e-09,9.53767e-09,0
530,k,1.44655e-08,2.16584e-09,1
531,Ux,9.96355e-09,9.96355e-09,0
531,Uy,3.88828e-08,5.76737e-09,1
531,p,1.10354e-07,4.70847e-08,1
531,omega,9.69788e-09,9.69788e-09,0
531,k,1.40464e-08,2.07943e-09,1
532,Ux,9.59147e-09,9.59147e-09,0
532,Uy,2.09603e-08,3.17686e-09,1
532,p,8.64527e-08,8.64527e-08,0
532,omega,1.02169e-08,9.36047e-10,1
532,k,1.30732e-08,1.96279e-09,1
533,Ux,9.99131e-09,9.99131e-09,0
533,Uy,1.96029e-08,3.03551e-09,1
533,p,8.92576e-08,8.92576e-08,0
533,omega,8.1717e-09,8.1717e-09,0
533,k,1.22339e-08,1.86829e-09,1
534,Ux,9.94364e-09,9.94364e-09,0
534,Uy,1.86646e-08,2.94845e-09,1
534,p,9.27169e-08,9.27169e-08,0
534,omega,8.49325e-09,8.49325e-09,0
534,k,1.19001e-08,1.83133e-09,1
535,Ux,9.9151e-09,9.9151e-09,0
535,Uy,1.79007e-08,2.87864e-09,1
535,p,9.68962e-08,9.68962e-08,0
535,omega,8.79058e-09,8.79058e-09,0
535,k,1.16498e-08,1.79542e-09,1
536,Ux,9.89526e-09,9.89526e-09,0
536,Uy,1.72668e-08,2.82106e-09,1
536,p,1.01875e-07,4.30966e-08,1
536,omega,8.93631e-09,8.93631e-09,0
536,k,1.15801e-08,1.72546e-09,1
537,Ux,9.23935e-09,9.23935e-09,0
537,Uy,6.97175e-09,6.97175e-09,0
537,p,7.49099e-08,7.49099e-08,0
537,omega,9.15357e-09,9.15357e-09,0
537,k,1.1207e-08,1.69686e-09,1
538,Ux,9.48743e-09,9.48743e-09,0
538,Uy,6.88065e-09,6.88065e-09,0
538,p,7.35463e-08,7.35463e-08,0
538,omega,9.38242e-09,9.38242e-09,0
538,k,1.06477e-08,1.62965e-09,1
539,Ux,9.31819e-09,9.31819e-09,0
539,Uy,6.88268e-09,6.88268e-09,0
539,p,7.4346e-08,7.4346e-08,0
539,omega,9.57981e-09,9.57981e-09,0
539,k,1.01862e-08,1.56321e-09,1
540,Ux,9.1639e-09,9.1639e-09,0
540,Uy,6.98875e-09,6.98875e-09,0
540,p,7.75272e-08,7.75272e-08,0
540,omega,9.7579e-09,9.7579e-09,0
540,k,9.75635e-09,9.75635e-09,0
541,Ux,9.07414e-09,9.07414e-09,0
541,Uy,7.0014e-09,7.0014e-09,0
541,p,8.25858e-08,8.25858e-08,0
541,omega,9.88976e-09,9.88976e-09,0
541,k,9.94739e-09,9.94739e-09,0
542,Ux,8.99502e-09,8.99502e-09,0
542,Uy,7.07052e-09,7.07052e-09,0
542,p,8.87593e-08,8.87593e-08,0
542,omega,1.00143e-08,9.12361e-10,1
542,k,9.64287e-09,9.64287e-09,0
543,Ux,8.98244e-09,8.98244e-09,0
543,Uy,7.03175e-09,7.03175e-09,0
543,p,9.51431e-08,9.51431e-08,0
543,omega,7.71309e-09,7.71309e-09,0
543,k,9.71453e-09,9.71453e-09,0
544,Ux,8.9194e-09,8.9194e-09,0
544,Uy,7.15249e-09,7.15249e-09,0
544,p,1.01111e-07,3.53262e-08,1
544,omega,8.06779e-09,8.06779e-09,0
544,k,1.02198e-08,1.50085e-09,1
545,Ux,8.2833e-09,8.2833e-09,0
545,Uy,1.66296e-08,2.01323e-09,1
545,p,6.88133e-08,6.88133e-08,0
545,omega,8.10074e-09,8.10074e-09,0
545,k,9.51425e-09,9.51425e-09,0
546,Ux,8.31485e-09,8.31485e-09,0
546,Uy,1.525e-08,1.87491e-09,1
546,p,6.51823e-08,6.51823e-08,0
546,omega,8.28218e-09,8.28218e-09,0
546,k,9.73185e-09,9.73185e-09,0
547,Ux,8.26134e-09,8.26134e-09,0
547,Uy,1.40422e-08,1.74391e-09,1
547,p,6.49603e-08,6.49603e-08,0
547,omega,8.46255e-09,8.46255e-09,0
547,k,9.97668e-09,9.97668e-09,0
548,Ux,8.2261e-09,8.2261e-09,0
548,Uy,1.29873e-08,1.62267e-09,1
548,p,6.83525e-08,6.83525e-08,0
548,omega,8.64602e-09,8.64602e-09,0
548,k,1.02575e-08,1.53868e-09,1
549,Ux,8.16416e-09,8.16416e-09,0
549,Uy,1.20382e-08,1.51812e-09,1
549,p,7.44988e-08,7.44988e-08,0
549,omega,8.85393e-09,8.85393e-09,0
549,k,9.69872e-09,9.69872e-09,0
550,Ux,8.16885e-09,8.16885e-09,0
550,Uy,1.11685e-08,1.42554e-09,1
550,p,8.28555e-08,8.28555e-08,0
550,omega,9.02236e-09,9.02236e-09,0
550,k,1.00198e-08,1.50141e-09,1
551,Ux,8.13654e-09,8.13654e-09,0
551,Uy,1.04637e-08,1.35722e-09,1
551,p,9.16541e-08,9.16541e-08,0
551,omega,9.21894e-09,9.21894e-09,0
551,k,9.52156e-09,9.52156e-09,0
552,Ux,8.20537e-09,8.20537e-09,0
552,Uy,9.78709e-09,9.78709e-09,0
552,p,9.82609e-08,9.82609e-08,0
552,omega,9.34314e-09,9.34314e-09,0
552,k,9.79106e-09,9.79106e-09,0
553,Ux,8.21837e-09,8.21837e-09,0
553,Uy,9.6952e-09,9.6952e-09,0
553,p,1.04481e-07,3.42864e-08,1
553,omega,9.55962e-09,9.55962e-09,0
553,k,1.03012e-08,1.518e-09,1
554,Ux,7.86943e-09,7.86943e-09,0
554,Uy,1.84671e-08,2.51649e-09,1
554,p,7.63074e-08,7.63074e-08,0
554,omega,9.57514e-09,9.57514e-09,0
554,k,9.57061e-09,9.57061e-09,0
555,Ux,7.91969e-09,7.91969e-09,0
555,Uy,1.70563e-08,2.39125e-09,1
555,p,7.64141e-08,7.64141e-08,0
555,omega,9.67644e-09,9.67644e-09,0
555,k,9.84994e-09,9.84994e-09,0
556,Ux,8.03506e-09,8.03506e-09,0
556,Uy,1.59329e-08,2.29402e-09,1
556,p,7.99538e-08,7.99538e-08,0
556,omega,9.75126e-09,9.75126e-09,0
556,k,1.01605e-08,1.48136e-09,1
557,Ux,8.15942e-09,8.15942e-09,0
557,Uy,1.523e-08,2.26069e-09,1
557,p,8.58791e-08,8.58791e-08,0
557,omega,9.88265e-09,9.88265e-09,0
557,k,9.54503e-09,9.54503e-09,0
558,Ux,8.36833e-09,8.36833e-09,0
558,Uy,1.45799e-08,2.21135e-09,1
558,p,9.34492e-08,9.34492e-08,0
558,omega,9.95343e-09,9.95343e-09,0
558,k,9.88044e-09,9.88044e-09,0
559,Ux,8.62734e-09,8.62734e-09,0
559,Uy,1.41608e-08,2.17612e-09,1
559,p,1.02676e-07,3.14861e-08,1
559,omega,1.01585e-08,9.14313e-10,1
559,k,9.66161e-09,9.66161e-09,0
560,Ux,8.29027e-09,8.29027e-09,0
560,Uy,1.56864e-08,2.09655e-09,1
560,p,7.80586e-08,7.80586e-08,0
560,omega,7.75342e-09,7.75342e-09,0
560,k,9.8369e-09,9.8369e-09,0
561,Ux,8.65851e-09,8.65851e-09,0
561,Uy,1.4138e-08,2.02394e-09,1
561,p,8.29779e-08,8.29779e-08,0
561,omega,7.88214e-09,7.88214e-09,0
561,k,1.01497e-08,1.4432e-09,1
562,Ux,8.89908e-09,8.89908e-09,0
562,Uy,1.33593e-08,2.00872e-09,1
562,p,9.20251e-08,9.20251e-08,0
562,omega,8.06081e-09,8.06081e-09,0
562,k,9.52763e-09,9.52763e-09,0
563,Ux,9.2757e-09,9.2757e-09,0
563,Uy,1.27158e-08,1.9617e-09,1
563,p,1.04098e-07,2.97678e-08,1
563,omega,8.19492e-09,8.19492e-09,0
563,k,9.76503e-09,9.76503e-09,0
564,Ux,9.03463e-09,9.03463e-09,0
564,Uy,1.46921e-08,1.65242e-09,1
564,p,8.67385e-08,8.67385e-08,0
564,omega,8.26396e-09,8.26396e-09,0
564,k,1.00966e-08,1.43582e-09,1
565,Ux,9.45801e-09,9.45801e-09,0
565,Uy,1.27386e-08,1.59958e-09,1
565,p,9.65391e-08,9.65391e-08,0
565,omega,8.39756e-09,8.39756e-09,0
565,k,9.4653e-09,9.4653e-09,0
566,Ux,9.9815e-09,9.9815e-09,0
566,Uy,1.13028e-08,1.52827e-09,1
566,p,1.08764e-07,2.82975e-08,1
566,omega,8.53327e-09,8.53327e-09,0
566,k,9.71563e-09,9.71563e-09,0
567,Ux,9.81509e-09,9.81509e-09,0
567,Uy,1.5218e-08,1.3667e-09,1
567,p,9.11913e-08,9.11913e-08,0
567,omega,8.57628e-09,8.57628e-09,0
567,k,1.00161e-08,1.42515e-09,1
568,Ux,1.03813e-08,9.30359e-10,1
568,Uy,1.23061e-08,1.30524e-09,1
568,p,7.14709e-08,7.14709e-08,0
568,omega,8.67883e-09,8.67883e-09,0
568,k,9.59145e-09,9.59145e-09,0
569,Ux,8.15242e-09,8.15242e-09,0
569,Uy,1.04088e-08,1.25205e-09,1
569,p,8.37597e-08,8.37597e-08,0
569,omega,8.72458e-09,8.72458e-09,0
569,k,9.79959e-09,9.79959e-09,0
570,Ux,8.59777e-09,8.59777e-09,0
570,Uy,9.11351e-09,9.11351e-09,0
570,p,9.70403e-08,9.70403e-08,0
570,omega,8.74058e-09,8.74058e-09,0
570,k,1.00039e-08,1.42191e-09,1
571,Ux,8.96021e-09,8.96021e-09,0
571,Uy,9.65695e-09,9.65695e-09,0
571,p,1.11006e-07,2.57695e-08,1
571,omega,8.91612e-09,8.91612e-09,0
571,k,9.48746e-09,9.48746e-09,0
572,Ux,8.8155e-09,8.8155e-09,0
572,Uy,1.8495e-08,1.72772e-09,1
572,p,9.21454e-08,9.21454e-08,0
572,omega,8.87542e-09,8.87542e-09,0
572,k,9.57053e-09,9.57053e-09,0
573,Ux,9.40524e-09,9.40524e-09,0
573,Uy,1.48241e-08,1.6368e-09,1
573,p,1.01759e-07,2.1981e-08,1
573,omega,9.01281e-09,9.01281e-09,0
573,k,9.99795e-09,9.99795e-09,0
574,Ux,9.47235e-09,9.47235e-09,0
574,Uy,2.03418e-08,1.92013e-09,1
574,p,8.84018e-08,8.84018e-08,0
574,omega,9.00074e-09,9.00074e-09,0
574,k,1.01487e-08,1.44493e-09,1
